Date,Open,High,Low,Close,Adj Close,Volume,diff
2017-01-26,7164.39990234375,7184.7998046875,7151.2998046875,7161.5,7161.5,905662800,-2.89990234375
2017-01-27,7161.5,7184.7001953125,7150.7998046875,7184.5,7184.5,876491800,23.0
2017-01-30,7184.5,7184.7001953125,7105.7001953125,7118.5,7118.5,890006700,-66.0
2017-01-31,7118.5,7162.5,7099.2001953125,7099.2001953125,7099.2001953125,959011000,-19.2998046875
2017-02-01,7099.2001953125,7170.2001953125,7099.2001953125,7107.7001953125,7107.7001953125,785299200,8.5
2017-02-02,7107.7001953125,7163.89990234375,7093.60009765625,7140.7998046875,7140.7998046875,880030800,33.099609375
2017-02-03,7140.7998046875,7202.39990234375,7133.60009765625,7188.2998046875,7188.2998046875,786535500,47.5
2017-02-06,7188.2998046875,7208.7001953125,7165.2001953125,7172.2001953125,7172.2001953125,614802900,-16.099609375
2017-02-07,7172.2001953125,7227.2001953125,7159.60009765625,7186.2001953125,7186.2001953125,770251300,14.0
2017-02-08,7186.2001953125,7195.89990234375,7147.2001953125,7188.7998046875,7188.7998046875,935233800,2.599609375
2017-02-09,7188.7998046875,7238.7001953125,7183.10009765625,7229.5,7229.5,781741400,40.7001953125
2017-02-10,7229.5,7274.7998046875,7229.5,7258.7998046875,7258.7998046875,875649700,29.2998046875
2017-02-13,7258.7998046875,7298.5,7257.7001953125,7278.89990234375,7278.89990234375,645414300,20.10009765625
2017-02-14,7278.89990234375,7292.7001953125,7251.7998046875,7268.60009765625,7268.60009765625,756312200,-10.2998046875
2017-02-15,7268.60009765625,7313.39990234375,7268.60009765625,7302.39990234375,7302.39990234375,716447200,33.7998046875
2017-02-16,7302.39990234375,7302.39990234375,7260.7001953125,7277.89990234375,7277.89990234375,684054500,-24.5
2017-02-17,7277.89990234375,7307.10009765625,7253.2001953125,7300.0,7300.0,801785200,22.10009765625
2017-02-20,7300.0,7329.60009765625,7283.2998046875,7299.89990234375,7299.89990234375,635938500,-0.10009765625
2017-02-21,7299.89990234375,7319.0,7267.5,7274.7998046875,7274.7998046875,896954200,-25.10009765625
2017-02-22,7274.7998046875,7314.2998046875,7274.7001953125,7302.2998046875,7302.2998046875,1146291800,27.5
2017-02-23,7302.2998046875,7310.10009765625,7262.89990234375,7271.39990234375,7271.39990234375,1065322800,-30.89990234375
2017-02-24,7271.39990234375,7271.89990234375,7192.5,7243.7001953125,7243.7001953125,855350300,-27.69970703125
2017-02-27,7243.7001953125,7285.2001953125,7239.7001953125,7253.0,7253.0,831112100,9.2998046875
2017-02-28,7253.0,7284.2001953125,7246.60009765625,7263.39990234375,7263.39990234375,981918400,10.39990234375
2017-03-01,7263.39990234375,7383.10009765625,7263.39990234375,7382.89990234375,7382.89990234375,1035866400,119.5
2017-03-02,7382.89990234375,7394.60009765625,7372.7001953125,7382.39990234375,7382.39990234375,927106800,-0.5
2017-03-03,7382.39990234375,7382.39990234375,7353.60009765625,7374.2998046875,7374.2998046875,850603100,-8.10009765625
2017-03-06,7374.2998046875,7374.2998046875,7338.89990234375,7350.10009765625,7350.10009765625,738066600,-24.19970703125
2017-03-07,7350.10009765625,7363.7001953125,7335.2998046875,7339.0,7339.0,844760300,-11.10009765625
2017-03-08,7339.0,7354.5,7315.89990234375,7334.60009765625,7334.60009765625,866234700,-4.39990234375
2017-03-09,7334.60009765625,7336.2998046875,7263.60009765625,7315.0,7315.0,1045803400,-19.60009765625
2017-03-10,7315.0,7373.0,7315.0,7343.10009765625,7343.10009765625,919722100,28.10009765625
2017-03-13,7343.10009765625,7377.39990234375,7342.0,7367.10009765625,7367.10009765625,687295500,24.0
2017-03-14,7367.10009765625,7386.2001953125,7339.2998046875,7357.89990234375,7357.89990234375,842511400,-9.2001953125
2017-03-15,7357.89990234375,7383.2998046875,7357.60009765625,7368.60009765625,7368.60009765625,833084500,10.7001953125
2017-03-16,7368.60009765625,7444.60009765625,7368.60009765625,7416.0,7416.0,1082219200,47.39990234375
2017-03-17,7416.0,7447.0,7402.60009765625,7425.0,7425.0,1516668800,9.0
2017-03-20,7425.0,7433.7001953125,7400.0,7429.7998046875,7429.7998046875,611042100,4.7998046875
2017-03-21,7429.7998046875,7440.89990234375,7360.7001953125,7378.2998046875,7378.2998046875,846963600,-51.5
2017-03-22,7378.2998046875,7378.39990234375,7301.7998046875,7324.7001953125,7324.7001953125,904591800,-53.599609375
2017-03-23,7324.7001953125,7346.39990234375,7307.7001953125,7340.7001953125,7340.7001953125,786539600,16.0
2017-03-24,7340.7001953125,7351.60009765625,7322.89990234375,7336.7998046875,7336.7998046875,633190500,-3.900390625
2017-03-27,7336.7998046875,7336.7998046875,7255.7998046875,7293.5,7293.5,779235000,-43.2998046875
2017-03-28,7293.5,7349.60009765625,7285.7998046875,7343.39990234375,7343.39990234375,791143500,49.89990234375
2017-03-29,7343.39990234375,7373.7001953125,7313.89990234375,7373.7001953125,7373.7001953125,779343400,30.30029296875
2017-03-30,7373.7001953125,7384.7998046875,7340.2998046875,7369.5,7369.5,760967600,-4.2001953125
2017-03-31,7369.5,7369.60009765625,7322.89990234375,7322.89990234375,7322.89990234375,957012600,-46.60009765625
2017-04-03,7322.89990234375,7350.2998046875,7280.7998046875,7282.7001953125,7282.7001953125,746218600,-40.19970703125
2017-04-04,7282.7001953125,7324.60009765625,7282.7001953125,7321.7998046875,7321.7998046875,786153000,39.099609375
2017-04-05,7321.7998046875,7362.60009765625,7321.7998046875,7331.7001953125,7331.7001953125,749886800,9.900390625
2017-04-06,7331.7001953125,7331.7001953125,7258.10009765625,7303.2001953125,7303.2001953125,887193100,-28.5
2017-04-07,7303.2001953125,7349.39990234375,7284.7001953125,7349.39990234375,7349.39990234375,780587700,46.19970703125
2017-04-10,7349.39990234375,7359.2998046875,7337.0,7348.89990234375,7348.89990234375,668786200,-0.5
2017-04-11,7348.89990234375,7406.39990234375,7332.60009765625,7365.5,7365.5,796050600,16.60009765625
2017-04-12,7365.5,7402.39990234375,7348.7998046875,7349.0,7349.0,888411200,-16.5
2017-04-13,7349.0,7349.0,7298.89990234375,7327.60009765625,7327.60009765625,715928200,-21.39990234375
2017-04-18,7327.60009765625,7327.60009765625,7147.5,7147.5,7147.5,1039110900,-180.10009765625
2017-04-19,7147.5,7151.2001953125,7114.39990234375,7114.39990234375,7114.39990234375,1018754400,-33.10009765625
2017-04-20,7114.39990234375,7127.60009765625,7096.7998046875,7118.5,7118.5,830708700,4.10009765625
2017-04-21,7118.5,7134.5,7104.2001953125,7114.60009765625,7114.60009765625,896918700,-3.89990234375
2017-04-24,7114.60009765625,7273.89990234375,7114.60009765625,7264.7001953125,7264.7001953125,1027266000,150.10009765625
2017-04-25,7264.7001953125,7290.7998046875,7258.7001953125,7275.60009765625,7275.60009765625,835369300,10.89990234375
2017-04-26,7275.60009765625,7302.60009765625,7262.2998046875,7288.7001953125,7288.7001953125,860455200,13.10009765625
2017-04-27,7288.7001953125,7289.39990234375,7224.39990234375,7237.2001953125,7237.2001953125,1094741200,-51.5
2017-04-28,7237.2001953125,7243.2998046875,7197.2998046875,7203.89990234375,7203.89990234375,1148718800,-33.30029296875
2017-05-02,7203.89990234375,7254.2998046875,7203.89990234375,7250.10009765625,7250.10009765625,910924000,46.2001953125
2017-05-03,7250.10009765625,7250.10009765625,7218.60009765625,7234.5,7234.5,766336200,-15.60009765625
2017-05-04,7234.5,7280.7001953125,7226.10009765625,7248.10009765625,7248.10009765625,918713600,13.60009765625
2017-05-05,7248.10009765625,7297.39990234375,7222.7998046875,7297.39990234375,7297.39990234375,881277700,49.2998046875
2017-05-08,7297.39990234375,7322.2998046875,7285.7998046875,7300.89990234375,7300.89990234375,716672700,3.5
2017-05-09,7300.89990234375,7359.60009765625,7300.89990234375,7342.2001953125,7342.2001953125,707206200,41.30029296875
2017-05-10,7342.2001953125,7398.60009765625,7331.2998046875,7385.2001953125,7385.2001953125,822815300,43.0
2017-05-11,7385.2001953125,7396.2001953125,7369.2001953125,7386.60009765625,7386.60009765625,956757900,1.39990234375
2017-05-12,7386.60009765625,7435.39990234375,7381.7001953125,7435.39990234375,7435.39990234375,852716600,48.7998046875
2017-05-15,7435.39990234375,7460.2001953125,7434.2001953125,7454.39990234375,7454.39990234375,831966500,19.0
2017-05-16,7454.39990234375,7533.7001953125,7452.39990234375,7522.0,7522.0,1010009800,67.60009765625
2017-05-17,7522.0,7533.0,7478.89990234375,7503.5,7503.5,989995900,-18.5
2017-05-18,7503.5,7503.7001953125,7389.2998046875,7436.39990234375,7436.39990234375,981827100,-67.10009765625
2017-05-19,7436.39990234375,7480.2998046875,7436.39990234375,7470.7001953125,7470.7001953125,820231400,34.30029296875
2017-05-22,7470.7001953125,7518.10009765625,7470.7001953125,7496.2998046875,7496.2998046875,672758000,25.599609375
2017-05-23,7496.2998046875,7521.89990234375,7485.2998046875,7485.2998046875,7485.2998046875,678940100,-11.0
2017-05-24,7485.2998046875,7519.60009765625,7475.10009765625,7514.89990234375,7514.89990234375,823078300,29.60009765625
2017-05-25,7514.89990234375,7529.7001953125,7497.10009765625,7517.7001953125,7517.7001953125,620554600,2.80029296875
2017-05-26,7517.7001953125,7554.2001953125,7514.39990234375,7547.60009765625,7547.60009765625,773534000,29.89990234375
2017-05-30,7547.60009765625,7547.7001953125,7497.10009765625,7526.5,7526.5,737736400,-21.10009765625
2017-05-31,7526.5,7586.5,7519.7001953125,7520.0,7520.0,1864745500,-6.5
2017-06-01,7520.0,7558.60009765625,7518.2998046875,7543.7998046875,7543.7998046875,859764100,23.7998046875
2017-06-02,7543.7998046875,7599.0,7540.0,7547.60009765625,7547.60009765625,799553200,3.80029296875
2017-06-05,7547.60009765625,7562.0,7519.10009765625,7525.7998046875,7525.7998046875,606693000,-21.80029296875
2017-06-06,7525.7998046875,7527.60009765625,7502.7998046875,7525.0,7525.0,842102100,-0.7998046875
2017-06-07,7525.0,7555.60009765625,7476.2998046875,7478.60009765625,7478.60009765625,874514700,-46.39990234375
2017-06-08,7478.60009765625,7489.7001953125,7450.0,7450.0,7450.0,867765500,-28.60009765625
2017-06-09,7450.0,7545.10009765625,7449.7001953125,7527.2998046875,7527.2998046875,1079740000,77.2998046875
2017-06-12,7527.2998046875,7540.5,7483.60009765625,7511.89990234375,7511.89990234375,691742100,-15.39990234375
2017-06-13,7511.89990234375,7540.10009765625,7491.89990234375,7500.39990234375,7500.39990234375,759155200,-11.5
2017-06-14,7500.39990234375,7545.10009765625,7474.39990234375,7474.39990234375,7474.39990234375,943048700,-26.0
2017-06-15,7474.39990234375,7474.5,7377.89990234375,7419.39990234375,7419.39990234375,985057200,-55.0
2017-06-16,7419.39990234375,7479.0,7419.39990234375,7463.5,7463.5,1889237700,44.10009765625
2017-06-19,7463.5,7537.7998046875,7463.5,7523.7998046875,7523.7998046875,551165300,60.2998046875
2017-06-20,7523.7998046875,7561.10009765625,7472.7001953125,7472.7001953125,7472.7001953125,1005340300,-51.099609375
2017-06-21,7472.7001953125,7477.2001953125,7417.5,7447.7998046875,7447.7998046875,843652400,-24.900390625
2017-06-22,7447.7998046875,7448.5,7398.7998046875,7439.2998046875,7439.2998046875,789287000,-8.5
2017-06-23,7439.2998046875,7441.7998046875,7396.7998046875,7424.10009765625,7424.10009765625,608960600,-15.19970703125
2017-06-26,7424.10009765625,7481.0,7424.10009765625,7446.7998046875,7446.7998046875,702710000,22.69970703125
2017-06-27,7446.7998046875,7451.7001953125,7411.39990234375,7434.39990234375,7434.39990234375,704817400,-12.39990234375
2017-06-28,7434.39990234375,7445.2998046875,7381.39990234375,7387.7998046875,7387.7998046875,833666400,-46.60009765625
2017-06-29,7387.7998046875,7452.0,7341.7998046875,7350.2998046875,7350.2998046875,930392000,-37.5
2017-06-30,7350.2998046875,7377.39990234375,7302.7001953125,7312.7001953125,7312.7001953125,978353300,-37.599609375
2017-07-03,7312.7001953125,7386.10009765625,7312.2998046875,7377.10009765625,7377.10009765625,704804300,64.39990234375
2017-07-04,7377.10009765625,7383.5,7336.7998046875,7357.2001953125,7357.2001953125,597565700,-19.89990234375
2017-07-05,7357.2001953125,7386.89990234375,7347.5,7367.60009765625,7367.60009765625,924489500,10.39990234375
2017-07-06,7367.60009765625,7373.89990234375,7303.5,7337.2998046875,7337.2998046875,767506100,-30.30029296875
2017-07-07,7337.2998046875,7359.5,7314.7001953125,7350.89990234375,7350.89990234375,670643200,13.60009765625
2017-07-10,7350.89990234375,7388.0,7344.2998046875,7370.0,7370.0,597132300,19.10009765625
2017-07-11,7370.0,7386.89990234375,7304.7998046875,7329.7998046875,7329.7998046875,662989700,-40.2001953125
2017-07-12,7329.7998046875,7439.10009765625,7329.7998046875,7416.89990234375,7416.89990234375,796874200,87.10009765625
2017-07-13,7416.89990234375,7428.2001953125,7403.7998046875,7413.39990234375,7413.39990234375,941748000,-3.5
2017-07-14,7413.39990234375,7419.7998046875,7363.7998046875,7378.39990234375,7378.39990234375,827118400,-35.0
2017-07-17,7378.39990234375,7426.39990234375,7378.2998046875,7404.10009765625,7404.10009765625,595711600,25.7001953125
2017-07-18,7404.10009765625,7418.5,7357.7998046875,7390.2001953125,7390.2001953125,615471900,-13.89990234375
2017-07-19,7390.2001953125,7442.7998046875,7379.2998046875,7430.89990234375,7430.89990234375,640610900,40.69970703125
2017-07-20,7430.89990234375,7502.7001953125,7430.89990234375,7487.89990234375,7487.89990234375,706242700,57.0
2017-07-21,7487.89990234375,7515.10009765625,7433.89990234375,7452.89990234375,7452.89990234375,701091300,-35.0
2017-07-24,7452.89990234375,7453.2001953125,7357.5,7377.7001953125,7377.7001953125,1074177600,-75.19970703125
2017-07-25,7377.7001953125,7453.7001953125,7377.7001953125,7434.7998046875,7434.7998046875,774939600,57.099609375
2017-07-26,7434.7998046875,7487.10009765625,7434.7001953125,7452.2998046875,7452.2998046875,751804200,17.5
2017-07-27,7452.2998046875,7461.89990234375,7410.89990234375,7443.0,7443.0,982531200,-9.2998046875
2017-07-28,7443.0,7443.0,7339.39990234375,7368.39990234375,7368.39990234375,798028700,-74.60009765625
2017-07-31,7368.39990234375,7425.5,7367.89990234375,7372.0,7372.0,898503100,3.60009765625
2017-08-01,7372.0,7440.10009765625,7372.0,7423.7001953125,7423.7001953125,718389600,51.7001953125
2017-08-02,7423.7001953125,7434.7001953125,7388.89990234375,7411.39990234375,7411.39990234375,709413000,-12.30029296875
2017-08-03,7411.39990234375,7484.5,7384.2001953125,7474.7998046875,7474.7998046875,795756800,63.39990234375
2017-08-04,7474.7998046875,7519.10009765625,7465.10009765625,7511.7001953125,7511.7001953125,753461700,36.900390625
2017-08-07,7511.7001953125,7533.7001953125,7511.7001953125,7531.89990234375,7531.89990234375,613223700,20.19970703125
2017-08-08,7531.89990234375,7551.89990234375,7518.5,7542.7001953125,7542.7001953125,597542000,10.80029296875
2017-08-09,7542.7001953125,7542.7001953125,7475.7998046875,7498.10009765625,7498.10009765625,779812300,-44.60009765625
2017-08-10,7498.10009765625,7498.10009765625,7376.7001953125,7389.89990234375,7389.89990234375,713176100,-108.2001953125
2017-08-11,7389.89990234375,7390.0,7296.5,7310.0,7310.0,744594900,-79.89990234375
2017-08-14,7310.0,7377.7001953125,7310.0,7353.89990234375,7353.89990234375,536696000,43.89990234375
2017-08-15,7353.89990234375,7399.39990234375,7353.89990234375,7383.89990234375,7383.89990234375,495314400,30.0
2017-08-16,7383.89990234375,7445.0,7383.89990234375,7433.0,7433.0,568676900,49.10009765625
2017-08-17,7433.0,7433.7001953125,7382.2001953125,7387.89990234375,7387.89990234375,576511200,-45.10009765625
2017-08-18,7387.89990234375,7387.89990234375,7302.5,7324.0,7324.0,719309100,-63.89990234375
2017-08-21,7324.0,7332.0,7296.7998046875,7318.89990234375,7318.89990234375,536324300,-5.10009765625
2017-08-22,7318.89990234375,7387.60009765625,7318.89990234375,7381.7001953125,7381.7001953125,656086900,62.80029296875
2017-08-23,7381.7001953125,7394.5,7360.2998046875,7382.7001953125,7382.7001953125,593602900,1.0
2017-08-24,7382.7001953125,7437.89990234375,7382.2001953125,7407.10009765625,7407.10009765625,734674100,24.39990234375
2017-08-25,7407.10009765625,7439.5,7401.5,7401.5,7401.5,498099600,-5.60009765625
2017-08-29,7401.5,7401.60009765625,7289.2001953125,7337.39990234375,7337.39990234375,734574500,-64.10009765625
2017-08-30,7337.39990234375,7381.2998046875,7337.39990234375,7365.2998046875,7365.2998046875,666133700,27.89990234375
2017-08-31,7365.2998046875,7443.7001953125,7365.0,7430.60009765625,7430.60009765625,761338600,65.30029296875
2017-09-01,7430.60009765625,7460.5,7430.10009765625,7438.5,7438.5,536515100,7.89990234375
2017-09-04,7438.5,7438.5,7404.10009765625,7411.5,7411.5,389133300,-27.0
2017-09-05,7411.5,7437.5,7369.60009765625,7372.89990234375,7372.89990234375,541337100,-38.60009765625
2017-09-06,7372.89990234375,7372.89990234375,7322.39990234375,7354.10009765625,7354.10009765625,676234700,-18.7998046875
2017-09-07,7354.10009765625,7412.7001953125,7348.39990234375,7397.0,7397.0,643758300,42.89990234375
2017-09-08,7397.0,7397.0,7358.39990234375,7377.60009765625,7377.60009765625,600535800,-19.39990234375
2017-09-11,7377.60009765625,7434.10009765625,7377.60009765625,7413.60009765625,7413.60009765625,614926800,36.0
2017-09-12,7413.60009765625,7435.7998046875,7387.0,7400.7001953125,7400.7001953125,745693800,-12.89990234375
2017-09-13,7400.7001953125,7401.2998046875,7336.2001953125,7379.7001953125,7379.7001953125,844049500,-21.0
2017-09-14,7379.7001953125,7390.7001953125,7287.7001953125,7295.39990234375,7295.39990234375,1221676900,-84.30029296875
2017-09-15,7295.39990234375,7295.39990234375,7196.60009765625,7215.5,7215.5,1416161300,-79.89990234375
2017-09-18,7215.5,7257.5,7215.5,7253.2998046875,7253.2998046875,712298700,37.7998046875
2017-09-19,7253.2998046875,7285.7001953125,7243.60009765625,7275.2998046875,7275.2998046875,773526900,22.0
2017-09-20,7275.2998046875,7289.89990234375,7249.60009765625,7272.0,7272.0,770407100,-3.2998046875
2017-09-21,7272.0,7289.2001953125,7260.10009765625,7263.89990234375,7263.89990234375,786845200,-8.10009765625
2017-09-22,7263.89990234375,7320.2998046875,7242.2001953125,7310.60009765625,7310.60009765625,625557800,46.7001953125
2017-09-25,7310.60009765625,7312.5,7272.5,7301.2998046875,7301.2998046875,584594700,-9.30029296875
2017-09-26,7301.2998046875,7311.7998046875,7273.2998046875,7285.7001953125,7285.7001953125,686442500,-15.599609375
2017-09-27,7285.7001953125,7327.5,7285.7001953125,7313.5,7313.5,832249800,27.7998046875
2017-09-28,7313.5,7323.2998046875,7289.7998046875,7322.7998046875,7322.7998046875,725911000,9.2998046875
2017-09-29,7322.7998046875,7382.7001953125,7321.60009765625,7372.7998046875,7372.7998046875,728387400,50.0
2017-10-02,7372.7998046875,7438.7998046875,7372.7001953125,7438.7998046875,7438.7998046875,864401100,66.0
2017-10-03,7438.7998046875,7469.7998046875,7426.7001953125,7468.10009765625,7468.10009765625,697184200,29.30029296875
2017-10-04,7468.10009765625,7476.2998046875,7456.60009765625,7467.60009765625,7467.60009765625,916914900,-0.5
2017-10-05,7467.60009765625,7508.0,7464.39990234375,7508.0,7508.0,756132200,40.39990234375
2017-10-06,7508.0,7527.7001953125,7508.0,7522.89990234375,7522.89990234375,673882500,14.89990234375
2017-10-09,7522.89990234375,7523.7001953125,7493.7001953125,7507.89990234375,7507.89990234375,675841500,-15.0
2017-10-10,7507.89990234375,7543.89990234375,7504.60009765625,7538.2998046875,7538.2998046875,797063500,30.39990234375
2017-10-11,7538.2998046875,7550.2001953125,7519.60009765625,7533.7998046875,7533.7998046875,1212434400,-4.5
2017-10-12,7533.7998046875,7565.10009765625,7526.2998046875,7556.2001953125,7556.2001953125,701114100,22.400390625
2017-10-13,7556.2001953125,7556.2001953125,7521.10009765625,7535.39990234375,7535.39990234375,666480800,-20.80029296875
2017-10-16,7535.39990234375,7557.0,7526.7001953125,7527.0,7527.0,715914400,-8.39990234375
2017-10-17,7527.0,7550.39990234375,7506.2998046875,7516.2001953125,7516.2001953125,1003303400,-10.7998046875
2017-10-18,7516.2001953125,7555.2001953125,7516.2001953125,7542.89990234375,7542.89990234375,626374800,26.69970703125
2017-10-19,7542.89990234375,7542.89990234375,7485.39990234375,7523.0,7523.0,806162200,-19.89990234375
2017-10-20,7523.0,7560.0,7517.10009765625,7523.2001953125,7523.2001953125,732296700,0.2001953125
2017-10-23,7523.2001953125,7542.0,7511.7998046875,7524.5,7524.5,548853900,1.2998046875
2017-10-24,7524.5,7535.2001953125,7508.5,7526.5,7526.5,657035000,2.0
2017-10-25,7526.5,7528.5,7437.39990234375,7447.2001953125,7447.2001953125,894719200,-79.2998046875
2017-10-26,7447.2001953125,7488.2998046875,7440.10009765625,7486.5,7486.5,988569400,39.2998046875
2017-10-27,7486.5,7520.7998046875,7485.2001953125,7505.0,7505.0,844552500,18.5
2017-10-30,7505.0,7507.0,7478.39990234375,7487.7998046875,7487.7998046875,727471900,-17.2001953125
2017-10-31,7487.7998046875,7516.89990234375,7484.0,7493.10009765625,7493.10009765625,708732700,5.30029296875
2017-11-01,7493.10009765625,7532.39990234375,7488.0,7488.0,7488.0,1172721000,-5.10009765625
2017-11-02,7488.0,7562.2998046875,7478.89990234375,7555.2998046875,7555.2998046875,1002706700,67.2998046875
2017-11-03,7555.2998046875,7581.0,7541.89990234375,7560.39990234375,7560.39990234375,652248400,5.10009765625
2017-11-06,7560.39990234375,7572.89990234375,7544.2001953125,7562.2998046875,7562.2998046875,615052400,1.89990234375
2017-11-07,7562.2998046875,7582.89990234375,7507.7998046875,7513.10009765625,7513.10009765625,731355900,-49.19970703125
2017-11-08,7513.10009765625,7534.5,7504.7998046875,7529.7001953125,7529.7001953125,784072500,16.60009765625
2017-11-09,7529.7001953125,7532.2001953125,7476.89990234375,7484.10009765625,7484.10009765625,834887900,-45.60009765625
2017-11-10,7484.10009765625,7500.2998046875,7421.7001953125,7433.0,7433.0,673856600,-51.10009765625
2017-11-13,7433.0,7469.2998046875,7403.0,7415.2001953125,7415.2001953125,745139300,-17.7998046875
2017-11-14,7415.2001953125,7436.60009765625,7396.89990234375,7414.39990234375,7414.39990234375,1141147200,-0.80029296875
2017-11-15,7414.39990234375,7415.10009765625,7357.10009765625,7372.60009765625,7372.60009765625,891890700,-41.7998046875
2017-11-16,7372.60009765625,7393.2998046875,7368.10009765625,7386.89990234375,7386.89990234375,898881100,14.2998046875
2017-11-17,7386.89990234375,7406.5,7356.2001953125,7380.7001953125,7380.7001953125,710733600,-6.19970703125
2017-11-20,7380.7001953125,7397.39990234375,7350.39990234375,7389.5,7389.5,716131100,8.7998046875
2017-11-21,7389.5,7422.2001953125,7367.89990234375,7411.2998046875,7411.2998046875,730690300,21.7998046875
2017-11-22,7411.2998046875,7460.89990234375,7410.39990234375,7419.0,7419.0,834065800,7.7001953125
2017-11-23,7419.0,7422.7001953125,7373.2998046875,7417.2001953125,7417.2001953125,560163700,-1.7998046875
2017-11-24,7417.2001953125,7425.2001953125,7389.5,7409.60009765625,7409.60009765625,545037100,-7.60009765625
2017-11-27,7409.60009765625,7438.39990234375,7383.89990234375,7383.89990234375,7383.89990234375,636742900,-25.7001953125
2017-11-28,7383.89990234375,7469.60009765625,7374.0,7460.7001953125,7460.7001953125,917737600,76.80029296875
2017-11-29,7460.7001953125,7460.7001953125,7386.7001953125,7393.60009765625,7393.60009765625,1085338600,-67.10009765625
2017-11-30,7393.60009765625,7416.2998046875,7326.7001953125,7326.7001953125,7326.7001953125,1338402400,-66.89990234375
2017-12-01,7326.7001953125,7355.39990234375,7288.7001953125,7300.5,7300.5,839825500,-26.2001953125
2017-12-04,7300.5,7369.7001953125,7300.5,7339.0,7339.0,745259400,38.5
2017-12-05,7339.0,7373.89990234375,7326.60009765625,7327.5,7327.5,881831300,-11.5
2017-12-06,7327.5,7369.7001953125,7289.39990234375,7348.0,7348.0,672957500,20.5
2017-12-07,7348.0,7371.7001953125,7314.60009765625,7320.7998046875,7320.7998046875,803178700,-27.2001953125
2017-12-08,7320.7998046875,7412.2001953125,7314.2001953125,7394.0,7394.0,1004623500,73.2001953125
2017-12-11,7394.0,7458.39990234375,7393.60009765625,7453.5,7453.5,906705100,59.5
2017-12-12,7453.5,7501.5,7448.2998046875,7500.39990234375,7500.39990234375,991599100,46.89990234375
2017-12-13,7500.39990234375,7510.7998046875,7492.60009765625,7496.5,7496.5,998682800,-3.89990234375
2017-12-14,7496.5,7496.7001953125,7448.10009765625,7448.10009765625,7448.10009765625,948434600,-48.39990234375
2017-12-15,7448.10009765625,7490.60009765625,7433.7998046875,7490.60009765625,7490.60009765625,1182118000,42.5
2017-12-18,7490.60009765625,7544.2998046875,7490.60009765625,7537.0,7537.0,568259400,46.39990234375
2017-12-19,7537.0,7563.5,7534.10009765625,7544.10009765625,7544.10009765625,675779500,7.10009765625
2017-12-20,7544.10009765625,7550.60009765625,7511.5,7525.2001953125,7525.2001953125,659315600,-18.89990234375
2017-12-21,7525.2001953125,7609.7001953125,7517.89990234375,7604.0,7604.0,621347000,78.7998046875
2017-12-22,7604.0,7614.39990234375,7585.5,7592.7001953125,7592.7001953125,243831300,-11.2998046875
2017-12-27,7592.7001953125,7632.7001953125,7586.39990234375,7620.7001953125,7620.7001953125,458380900,28.0
2017-12-28,7620.7001953125,7633.60009765625,7609.7998046875,7622.89990234375,7622.89990234375,311875400,2.19970703125
2017-12-29,7622.89990234375,7697.60009765625,7620.0,7687.7998046875,7687.7998046875,289238900,64.89990234375
2018-01-02,7687.7998046875,7691.2998046875,7624.10009765625,7648.10009765625,7648.10009765625,576251800,-39.69970703125
2018-01-03,7648.10009765625,7689.89990234375,7640.5,7671.10009765625,7671.10009765625,571662800,23.0
2018-01-04,7671.10009765625,7702.5,7671.10009765625,7695.89990234375,7695.89990234375,705864000,24.7998046875
2018-01-05,7695.89990234375,7727.7001953125,7689.7998046875,7724.2001953125,7724.2001953125,636035700,28.30029296875
2018-01-08,7724.2001953125,7733.39990234375,7691.7998046875,7696.5,7696.5,635135400,-27.7001953125
2018-01-09,7696.5,7733.10009765625,7696.5,7731.0,7731.0,709674500,34.5
2018-01-10,7731.0,7756.10009765625,7716.2001953125,7748.5,7748.5,861758600,17.5
2018-01-11,7748.5,7769.0,7734.60009765625,7762.89990234375,7762.89990234375,982791800,14.39990234375
2018-01-12,7762.89990234375,7792.60009765625,7752.60009765625,7778.60009765625,7778.60009765625,1133867000,15.7001953125
2018-01-15,7778.60009765625,7783.60009765625,7763.39990234375,7769.10009765625,7769.10009765625,551904700,-9.5
2018-01-16,7769.10009765625,7791.7998046875,7740.60009765625,7755.89990234375,7755.89990234375,824367900,-13.2001953125
2018-01-17,7755.89990234375,7755.89990234375,7711.10009765625,7725.39990234375,7725.39990234375,822508200,-30.5
2018-01-18,7725.39990234375,7739.5,7683.7001953125,7701.0,7701.0,765527900,-24.39990234375
2018-01-19,7701.0,7731.7998046875,7694.7001953125,7730.7998046875,7730.7998046875,795594100,29.7998046875
2018-01-22,7730.7998046875,7739.39990234375,7703.7001953125,7715.39990234375,7715.39990234375,730171300,-15.39990234375
2018-01-23,7715.39990234375,7745.2001953125,7710.0,7731.7998046875,7731.7998046875,742420200,16.39990234375
2018-01-24,7731.7998046875,7732.0,7643.39990234375,7643.39990234375,7643.39990234375,746643300,-88.39990234375
2018-01-25,7643.39990234375,7662.39990234375,7608.5,7615.7998046875,7615.7998046875,713251600,-27.60009765625
2018-01-26,7615.7998046875,7667.39990234375,7615.7998046875,7665.5,7665.5,713831300,49.7001953125
2018-01-29,7665.5,7689.2001953125,7663.89990234375,7671.5,7671.5,612924000,6.0
2018-01-30,7671.5,7671.7001953125,7587.10009765625,7588.0,7588.0,798999000,-83.5
2018-01-31,7588.0,7599.0,7521.7998046875,7533.60009765625,7533.60009765625,880751700,-54.39990234375
2018-02-01,7533.60009765625,7554.7001953125,7476.5,7490.39990234375,7490.39990234375,872509100,-43.2001953125
2018-02-02,7490.39990234375,7494.7998046875,7432.2998046875,7443.39990234375,7443.39990234375,871574000,-47.0
2018-02-05,7443.39990234375,7443.39990234375,7334.7998046875,7335.0,7335.0,888994600,-108.39990234375
2018-02-06,7335.0,7335.0,7079.39990234375,7141.39990234375,7141.39990234375,1354591000,-193.60009765625
2018-02-07,7141.39990234375,7311.5,7141.39990234375,7279.39990234375,7279.39990234375,1027400300,138.0
2018-02-08,7279.39990234375,7279.39990234375,7161.2998046875,7170.7001953125,7170.7001953125,973611300,-108.69970703125
2018-02-09,7170.7001953125,7170.7001953125,7073.0,7092.39990234375,7092.39990234375,927291900,-78.30029296875
2018-02-12,7092.39990234375,7199.89990234375,7092.39990234375,7177.10009765625,7177.10009765625,718740600,84.7001953125
2018-02-13,7177.10009765625,7203.0,7165.7998046875,7168.0,7168.0,718988800,-9.10009765625
2018-02-14,7168.0,7243.2001953125,7145.7001953125,7214.0,7214.0,940537000,46.0
2018-02-15,7214.0,7268.0,7206.7001953125,7234.7998046875,7234.7998046875,747830200,20.7998046875
2018-02-16,7234.7998046875,7308.0,7234.7998046875,7294.7001953125,7294.7001953125,651756200,59.900390625
2018-02-19,7294.7001953125,7306.2001953125,7240.0,7247.7001953125,7247.7001953125,511199000,-47.0
2018-02-20,7247.7001953125,7264.7998046875,7202.10009765625,7246.7998046875,7246.7998046875,679057900,-0.900390625
2018-02-21,7246.7998046875,7291.7998046875,7220.60009765625,7281.60009765625,7281.60009765625,902872700,34.80029296875
2018-02-22,7281.60009765625,7281.60009765625,7187.7998046875,7252.39990234375,7252.39990234375,926221400,-29.2001953125
2018-02-23,7252.39990234375,7262.10009765625,7220.7998046875,7244.39990234375,7244.39990234375,674864300,-8.0
2018-02-26,7244.39990234375,7313.0,7244.2998046875,7289.60009765625,7289.60009765625,585774600,45.2001953125
2018-02-27,7289.60009765625,7326.0,7272.89990234375,7282.5,7282.5,718147000,-7.10009765625
2018-02-28,7282.5,7293.39990234375,7231.89990234375,7231.89990234375,7231.89990234375,919954800,-50.60009765625
2018-03-01,7231.89990234375,7231.89990234375,7153.39990234375,7175.60009765625,7175.60009765625,859756500,-56.2998046875
2018-03-02,7175.60009765625,7175.60009765625,7063.39990234375,7069.89990234375,7069.89990234375,910442200,-105.7001953125
2018-03-05,7069.89990234375,7119.2001953125,7062.10009765625,7116.0,7116.0,941867700,46.10009765625
2018-03-06,7116.0,7197.7998046875,7115.60009765625,7146.7998046875,7146.7998046875,786141900,30.7998046875
2018-03-07,7146.7998046875,7180.7001953125,7109.60009765625,7157.7998046875,7157.7998046875,862383600,11.0
2018-03-08,7157.7998046875,7212.10009765625,7145.7001953125,7203.2001953125,7203.2001953125,712676800,45.400390625
2018-03-09,7203.2001953125,7225.2998046875,7189.7001953125,7224.5,7224.5,651119000,21.2998046875
2018-03-12,7224.5,7254.89990234375,7198.2001953125,7214.7998046875,7214.7998046875,613077900,-9.7001953125
2018-03-13,7214.7998046875,7224.10009765625,7125.60009765625,7138.7998046875,7138.7998046875,766738500,-76.0
2018-03-14,7138.7998046875,7176.5,7122.7998046875,7132.7001953125,7132.7001953125,752181500,-6.099609375
2018-03-15,7132.7001953125,7162.60009765625,7127.10009765625,7139.7998046875,7139.7998046875,808062300,7.099609375
2018-03-16,7139.7998046875,7187.2998046875,7131.2998046875,7164.10009765625,7164.10009765625,1380663300,24.30029296875
2018-03-19,7164.10009765625,7164.2001953125,7034.89990234375,7042.89990234375,7042.89990234375,728214400,-121.2001953125
2018-03-20,7042.89990234375,7081.5,7042.60009765625,7061.2998046875,7061.2998046875,742142200,18.39990234375
2018-03-21,7061.2998046875,7065.7001953125,7016.7998046875,7039.0,7039.0,762202300,-22.2998046875
2018-03-22,7039.0,7039.0,6914.5,6952.60009765625,6952.60009765625,861231600,-86.39990234375
2018-03-23,6952.60009765625,6952.7998046875,6877.0,6921.89990234375,6921.89990234375,879273700,-30.7001953125
2018-03-26,6921.89990234375,6958.5,6866.89990234375,6888.7001953125,6888.7001953125,765318100,-33.19970703125
2018-03-27,6888.7001953125,7042.39990234375,6888.7001953125,7000.10009765625,7000.10009765625,690975500,111.39990234375
2018-03-28,7000.10009765625,7044.7001953125,6923.2998046875,7044.7001953125,7044.7001953125,763193100,44.60009765625
2018-03-29,7044.7001953125,7109.89990234375,7042.7001953125,7056.60009765625,7056.60009765625,876227900,11.89990234375
2018-04-03,7056.60009765625,7065.0,6996.7998046875,7030.5,7030.5,790532700,-26.10009765625
2018-04-04,7030.5,7046.2998046875,6971.7998046875,7034.0,7034.0,794337900,3.5
2018-04-05,7034.0,7199.5,7034.0,7199.5,7199.5,794899100,165.5
2018-04-06,7199.5,7214.0,7163.10009765625,7183.60009765625,7183.60009765625,656250500,-15.89990234375
2018-04-09,7183.60009765625,7209.7001953125,7145.60009765625,7194.7998046875,7194.7998046875,671088200,11.19970703125
2018-04-10,7194.7998046875,7266.7998046875,7194.7998046875,7266.7998046875,7266.7998046875,755081700,72.0
2018-04-11,7266.7998046875,7270.2998046875,7243.2998046875,7257.10009765625,7257.10009765625,766200800,-9.69970703125
2018-04-12,7257.10009765625,7266.60009765625,7240.7998046875,7258.2998046875,7258.2998046875,666773400,1.19970703125
2018-04-13,7258.2998046875,7275.0,7249.10009765625,7264.60009765625,7264.60009765625,662868400,6.30029296875
2018-04-16,7264.60009765625,7265.7998046875,7195.5,7198.2001953125,7198.2001953125,862881700,-66.39990234375
2018-04-17,7198.2001953125,7240.39990234375,7189.89990234375,7226.10009765625,7226.10009765625,714046100,27.89990234375
2018-04-18,7226.10009765625,7325.60009765625,7226.10009765625,7317.2998046875,7317.2998046875,877056200,91.19970703125
2018-04-19,7317.2998046875,7340.7001953125,7309.39990234375,7328.89990234375,7328.89990234375,788416300,11.60009765625
2018-04-20,7328.89990234375,7368.2001953125,7323.2998046875,7368.2001953125,7368.2001953125,769512800,39.30029296875
2018-04-23,7368.2001953125,7404.10009765625,7359.7001953125,7398.89990234375,7398.89990234375,777571800,30.69970703125
2018-04-24,7398.89990234375,7439.60009765625,7397.2998046875,7425.39990234375,7425.39990234375,836399400,26.5
2018-04-25,7425.39990234375,7427.10009765625,7334.60009765625,7379.2998046875,7379.2998046875,879795200,-46.10009765625
2018-04-26,7379.2998046875,7421.39990234375,7355.0,7421.39990234375,7421.39990234375,814899700,42.10009765625
2018-04-27,7421.39990234375,7507.10009765625,7421.2998046875,7502.2001953125,7502.2001953125,750485000,80.80029296875
2018-04-30,7502.2001953125,7546.2001953125,7497.10009765625,7509.2998046875,7509.2998046875,991178200,7.099609375
2018-05-01,7509.2998046875,7549.10009765625,7506.60009765625,7520.39990234375,7520.39990234375,567569600,11.10009765625
2018-05-02,7520.39990234375,7573.0,7519.60009765625,7543.2001953125,7543.2001953125,829699300,22.80029296875
2018-05-03,7543.2001953125,7555.2001953125,7492.39990234375,7502.7001953125,7502.7001953125,723643100,-40.5
2018-05-04,7502.7001953125,7570.2001953125,7502.7001953125,7567.10009765625,7567.10009765625,880646600,64.39990234375
2018-05-08,7567.10009765625,7598.5,7550.39990234375,7565.7998046875,7565.7998046875,876829900,-1.30029296875
2018-05-09,7565.7998046875,7662.5,7565.7998046875,7662.5,7662.5,891351200,96.7001953125
2018-05-10,7662.5,7706.89990234375,7631.60009765625,7701.0,7701.0,878774100,38.5
2018-05-11,7701.0,7728.89990234375,7691.7001953125,7724.60009765625,7724.60009765625,731924200,23.60009765625
2018-05-14,7724.60009765625,7728.0,7688.60009765625,7711.0,7711.0,749899600,-13.60009765625
2018-05-15,7711.0,7752.0,7687.5,7723.0,7723.0,1027698700,12.0
2018-05-16,7723.0,7745.5,7717.7998046875,7734.2001953125,7734.2001953125,933498300,11.2001953125
2018-05-17,7734.2001953125,7788.2001953125,7713.89990234375,7788.0,7788.0,781296600,53.7998046875
2018-05-18,7788.0,7791.39990234375,7753.2998046875,7778.7998046875,7778.7998046875,899946200,-9.2001953125
2018-05-21,7778.7998046875,7868.10009765625,7778.10009765625,7859.2001953125,7859.2001953125,691927400,80.400390625
2018-05-22,7859.2001953125,7903.5,7854.60009765625,7877.5,7877.5,807636300,18.2998046875
2018-05-23,7877.5,7877.5,7765.2998046875,7788.39990234375,7788.39990234375,918822700,-89.10009765625
2018-05-24,7788.39990234375,7803.5,7716.7001953125,7716.7001953125,7716.7001953125,890463600,-71.69970703125
2018-05-25,7716.7001953125,7753.2998046875,7703.2998046875,7730.2998046875,7730.2998046875,844360200,13.599609375
2018-05-29,7730.2998046875,7730.2998046875,7610.7001953125,7632.60009765625,7632.60009765625,1288493000,-97.69970703125
2018-05-30,7632.60009765625,7689.60009765625,7618.10009765625,7689.60009765625,7689.60009765625,923820700,57.0
2018-05-31,7689.60009765625,7727.5,7651.10009765625,7678.2001953125,7678.2001953125,1549063100,-11.39990234375
2018-06-01,7678.2001953125,7746.7001953125,7678.2001953125,7701.7998046875,7701.7998046875,783469400,23.599609375
2018-06-04,7701.7998046875,7772.10009765625,7701.7001953125,7741.2998046875,7741.2998046875,722966000,39.5
2018-06-05,7741.2998046875,7744.5,7686.60009765625,7686.7998046875,7686.7998046875,933666200,-54.5
2018-06-06,7686.7998046875,7730.5,7671.60009765625,7712.39990234375,7712.39990234375,884617800,25.60009765625
2018-06-07,7712.39990234375,7756.7001953125,7698.2001953125,7704.39990234375,7704.39990234375,1056744900,-8.0
2018-06-08,7704.39990234375,7714.2998046875,7637.5,7681.10009765625,7681.10009765625,755489900,-23.2998046875
2018-06-11,7681.10009765625,7756.0,7681.10009765625,7737.39990234375,7737.39990234375,736070400,56.2998046875
2018-06-12,7737.39990234375,7762.7998046875,7701.2998046875,7703.7998046875,7703.7998046875,773837800,-33.60009765625
2018-06-13,7703.7998046875,7746.7001953125,7677.2001953125,7703.7001953125,7703.7001953125,852427100,-0.099609375
2018-06-14,7703.7001953125,7793.5,7650.2001953125,7765.7998046875,7765.7998046875,1119081700,62.099609375
2018-06-15,7765.7998046875,7781.0,7633.89990234375,7633.89990234375,7633.89990234375,1711560200,-131.89990234375
2018-06-18,7633.89990234375,7645.5,7601.60009765625,7631.2998046875,7631.2998046875,664167900,-2.60009765625
2018-06-19,7631.2998046875,7631.2998046875,7548.7998046875,7603.89990234375,7603.89990234375,897872000,-27.39990234375
2018-06-20,7603.89990234375,7705.2001953125,7603.89990234375,7627.39990234375,7627.39990234375,844000100,23.5
2018-06-21,7627.39990234375,7670.7998046875,7548.10009765625,7556.39990234375,7556.39990234375,777562300,-71.0
2018-06-22,7556.39990234375,7689.39990234375,7556.2001953125,7682.2998046875,7682.2998046875,716273100,125.89990234375
2018-06-25,7682.2998046875,7682.2998046875,7508.2998046875,7509.7998046875,7509.7998046875,791358000,-172.5
2018-06-26,7509.7998046875,7564.10009765625,7509.7998046875,7537.89990234375,7537.89990234375,1088107300,28.10009765625
2018-06-27,7537.89990234375,7633.89990234375,7512.0,7621.7001953125,7621.7001953125,1643638600,83.80029296875
2018-06-28,7621.7001953125,7632.2001953125,7576.0,7615.60009765625,7615.60009765625,790762300,-6.10009765625
2018-06-29,7615.60009765625,7706.60009765625,7615.60009765625,7636.89990234375,7636.89990234375,898931000,21.2998046875
2018-07-02,7636.89990234375,7636.89990234375,7540.7001953125,7547.89990234375,7547.89990234375,778437000,-89.0
2018-07-03,7547.89990234375,7632.10009765625,7545.0,7593.2998046875,7593.2998046875,1015952400,45.39990234375
2018-07-04,7593.2998046875,7593.2998046875,7560.7998046875,7573.10009765625,7573.10009765625,574163100,-20.19970703125
2018-07-05,7573.10009765625,7624.7998046875,7572.7001953125,7603.2001953125,7603.2001953125,614456600,30.10009765625
2018-07-06,7603.2001953125,7631.2001953125,7569.7001953125,7617.7001953125,7617.7001953125,663475300,14.5
2018-07-09,7617.7001953125,7697.5,7617.7001953125,7688.0,7688.0,676761100,70.2998046875
2018-07-10,7688.0,7715.10009765625,7677.10009765625,7692.0,7692.0,701511200,4.0
2018-07-11,7692.0,7692.0,7578.2001953125,7592.0,7592.0,793208100,-100.0
2018-07-12,7592.0,7663.0,7592.0,7651.2998046875,7651.2998046875,746183900,59.2998046875
2018-07-13,7651.2998046875,7716.2001953125,7651.2998046875,7661.89990234375,7661.89990234375,574401200,10.60009765625
2018-07-16,7661.89990234375,7667.7001953125,7565.0,7600.5,7600.5,591161000,-61.39990234375
2018-07-17,7600.5,7641.10009765625,7581.7998046875,7626.2998046875,7626.2998046875,724367500,25.7998046875
2018-07-18,7626.2998046875,7685.7001953125,7625.7998046875,7676.2998046875,7676.2998046875,651377100,50.0
2018-07-19,7676.2998046875,7702.89990234375,7660.0,7684.0,7684.0,695398600,7.7001953125
2018-07-20,7684.0,7705.7998046875,7631.7001953125,7678.7998046875,7678.7998046875,685061200,-5.2001953125
2018-07-23,7678.7998046875,7678.7998046875,7621.7998046875,7655.7998046875,7655.7998046875,573514400,-23.0
2018-07-24,7655.7998046875,7740.60009765625,7648.60009765625,7709.10009765625,7709.10009765625,852532800,53.30029296875
2018-07-25,7709.10009765625,7710.2998046875,7640.60009765625,7658.2998046875,7658.2998046875,677528100,-50.80029296875
2018-07-26,7658.2998046875,7684.7001953125,7640.89990234375,7663.2001953125,7663.2001953125,588851200,4.900390625
2018-07-27,7663.2001953125,7717.2001953125,7663.2001953125,7701.2998046875,7701.2998046875,765238000,38.099609375
2018-07-30,7701.2998046875,7718.10009765625,7659.89990234375,7700.89990234375,7700.89990234375,732990700,-0.39990234375
2018-07-31,7700.89990234375,7782.89990234375,7695.7998046875,7748.7998046875,7748.7998046875,915075400,47.89990234375
2018-08-01,7748.7998046875,7751.10009765625,7634.7001953125,7652.89990234375,7652.89990234375,975009600,-95.89990234375
2018-08-02,7652.89990234375,7652.89990234375,7549.2998046875,7575.89990234375,7575.89990234375,1006803400,-77.0
2018-08-03,7575.89990234375,7665.2001953125,7575.89990234375,7659.10009765625,7659.10009765625,649947700,83.2001953125
2018-08-06,7659.10009765625,7681.89990234375,7636.60009765625,7663.7998046875,7663.7998046875,813731500,4.69970703125
2018-08-07,7663.7998046875,7752.10009765625,7663.2001953125,7718.5,7718.5,675716300,54.7001953125
2018-08-08,7718.5,7790.2001953125,7707.2998046875,7776.7001953125,7776.7001953125,604063500,58.2001953125
2018-08-09,7776.7001953125,7776.7998046875,7714.5,7741.7998046875,7741.7998046875,565689200,-34.900390625
2018-08-10,7741.7998046875,7741.7998046875,7657.7001953125,7667.0,7667.0,664153400,-74.7998046875
2018-08-13,7667.0,7667.2998046875,7614.5,7642.5,7642.5,595242100,-24.5
2018-08-14,7642.5,7665.2001953125,7599.7001953125,7611.60009765625,7611.60009765625,763645300,-30.89990234375
2018-08-15,7611.60009765625,7632.10009765625,7477.10009765625,7497.89990234375,7497.89990234375,967014400,-113.7001953125
2018-08-16,7497.89990234375,7565.2001953125,7497.89990234375,7556.39990234375,7556.39990234375,771423800,58.5
2018-08-17,7556.39990234375,7577.7001953125,7514.2998046875,7558.60009765625,7558.60009765625,602739600,2.2001953125
2018-08-20,7558.60009765625,7616.2001953125,7558.60009765625,7591.2998046875,7591.2998046875,559541000,32.69970703125
2018-08-21,7591.2998046875,7601.7001953125,7557.2998046875,7565.7001953125,7565.7001953125,543548500,-25.599609375
2018-08-22,7565.7001953125,7607.2001953125,7531.2001953125,7574.2001953125,7574.2001953125,611259200,8.5
2018-08-23,7574.2001953125,7602.10009765625,7560.89990234375,7563.2001953125,7563.2001953125,574932100,-11.0
2018-08-24,7563.2001953125,7587.2001953125,7557.7001953125,7577.5,7577.5,507869800,14.2998046875
2018-08-28,7577.5,7636.7001953125,7577.5,7617.2001953125,7617.2001953125,585715100,39.7001953125
2018-08-29,7617.2001953125,7635.7001953125,7545.10009765625,7563.2001953125,7563.2001953125,688677800,-54.0
2018-08-30,7563.2001953125,7563.2001953125,7497.5,7516.0,7516.0,623166000,-47.2001953125
2018-08-31,7516.0,7516.5,7428.7001953125,7432.39990234375,7432.39990234375,812932000,-83.60009765625
2018-09-03,7432.39990234375,7516.10009765625,7432.2001953125,7504.60009765625,7504.60009765625,455166900,72.2001953125
2018-09-04,7504.60009765625,7535.10009765625,7437.7001953125,7457.89990234375,7457.89990234375,652803100,-46.7001953125
2018-09-05,7457.89990234375,7457.89990234375,7358.0,7383.2998046875,7383.2998046875,769494800,-74.60009765625
2018-09-06,7383.2998046875,7397.7001953125,7313.10009765625,7319.0,7319.0,723693100,-64.2998046875
2018-09-07,7319.0,7328.2998046875,7227.10009765625,7277.7001953125,7277.7001953125,863004900,-41.2998046875
2018-09-10,7277.7001953125,7307.89990234375,7256.5,7279.2998046875,7279.2998046875,696321800,1.599609375
2018-09-11,7279.2998046875,7280.5,7220.5,7273.5,7273.5,644115800,-5.7998046875
2018-09-12,7273.5,7325.2998046875,7250.7998046875,7313.39990234375,7313.39990234375,677165600,39.89990234375
2018-09-13,7313.39990234375,7319.60009765625,7275.10009765625,7281.60009765625,7281.60009765625,660719700,-31.7998046875
2018-09-14,7281.60009765625,7323.7998046875,7281.60009765625,7304.0,7304.0,577288900,22.39990234375
2018-09-17,7304.0,7318.7998046875,7267.7998046875,7302.10009765625,7302.10009765625,620997300,-1.89990234375
2018-09-18,7302.10009765625,7320.10009765625,7282.0,7300.2001953125,7300.2001953125,700366200,-1.89990234375
2018-09-19,7300.2001953125,7346.10009765625,7279.89990234375,7331.10009765625,7331.10009765625,762448100,30.89990234375
2018-09-20,7331.10009765625,7368.39990234375,7324.0,7367.2998046875,7367.2998046875,864910500,36.19970703125
2018-09-21,7367.2998046875,7495.2998046875,7367.2998046875,7490.2001953125,7490.2001953125,1504423700,122.900390625
2018-09-24,7490.2001953125,7491.2998046875,7450.5,7458.39990234375,7458.39990234375,689612600,-31.80029296875
2018-09-25,7458.39990234375,7515.89990234375,7455.2001953125,7507.60009765625,7507.60009765625,767955100,49.2001953125
2018-09-26,7507.60009765625,7522.10009765625,7490.2001953125,7511.5,7511.5,672358800,3.89990234375
2018-09-27,7511.5,7552.0,7490.89990234375,7545.39990234375,7545.39990234375,646428000,33.89990234375
2018-09-28,7545.39990234375,7548.39990234375,7474.7001953125,7510.2001953125,7510.2001953125,915815000,-35.19970703125
2018-10-01,7510.2001953125,7526.2001953125,7466.7001953125,7495.7001953125,7495.7001953125,728276800,-14.5
2018-10-02,7495.7001953125,7495.7001953125,7444.7998046875,7474.60009765625,7474.60009765625,817840400,-21.10009765625
2018-10-03,7474.60009765625,7524.10009765625,7474.60009765625,7510.2998046875,7510.2998046875,824628100,35.69970703125
2018-10-04,7510.2998046875,7510.2998046875,7411.2998046875,7418.2998046875,7418.2998046875,801963200,-92.0
2018-10-05,7418.2998046875,7421.10009765625,7318.5,7318.5,7318.5,743757800,-99.7998046875
2018-10-08,7318.5,7319.7998046875,7233.2998046875,7233.2998046875,7233.2998046875,675287300,-85.2001953125
2018-10-09,7233.2998046875,7247.60009765625,7184.2998046875,7237.60009765625,7237.60009765625,765996800,4.30029296875
2018-10-10,7237.60009765625,7242.2998046875,7145.7001953125,7145.7001953125,7145.7001953125,1029488500,-91.89990234375
2018-10-11,7145.7001953125,7145.7001953125,6998.0,7006.89990234375,7006.89990234375,1172373200,-138.80029296875
2018-10-12,7006.89990234375,7074.0,6994.7998046875,6995.89990234375,6995.89990234375,876577500,-11.0
2018-10-15,6995.89990234375,7038.2001953125,6961.2998046875,7029.2001953125,7029.2001953125,657640100,33.30029296875
2018-10-16,7029.2001953125,7062.10009765625,6998.89990234375,7059.39990234375,7059.39990234375,766800500,30.19970703125
2018-10-17,7059.39990234375,7089.0,7019.39990234375,7054.60009765625,7054.60009765625,685937100,-4.7998046875
2018-10-18,7054.60009765625,7078.7998046875,7026.7001953125,7027.0,7027.0,672072000,-27.60009765625
2018-10-19,7027.0,7070.39990234375,7012.60009765625,7049.7998046875,7049.7998046875,793925800,22.7998046875
2018-10-22,7049.7998046875,7114.10009765625,7042.10009765625,7042.7998046875,7042.7998046875,784032400,-7.0
2018-10-23,7042.7998046875,7042.7998046875,6928.7001953125,6955.2001953125,6955.2001953125,983305900,-87.599609375
2018-10-24,6955.2001953125,7049.7998046875,6955.2001953125,6963.0,6963.0,778187100,7.7998046875
2018-10-25,6963.0,7004.10009765625,6886.0,7004.10009765625,7004.10009765625,831568200,41.10009765625
2018-10-26,7004.10009765625,7004.2001953125,6851.60009765625,6939.60009765625,6939.60009765625,779028300,-64.5
2018-10-29,6939.60009765625,7085.89990234375,6939.60009765625,7026.2998046875,7026.2998046875,780563900,86.69970703125
2018-10-30,7026.2998046875,7060.10009765625,6983.7001953125,7035.89990234375,7035.89990234375,751498500,9.60009765625
2018-10-31,7035.89990234375,7161.5,7035.89990234375,7128.10009765625,7128.10009765625,895391200,92.2001953125
2018-11-01,7128.10009765625,7165.60009765625,7085.7001953125,7114.7001953125,7114.7001953125,1024684600,-13.39990234375
2018-11-02,7114.7001953125,7196.39990234375,7094.10009765625,7094.10009765625,7094.10009765625,800219300,-20.60009765625
2018-11-05,7094.10009765625,7140.39990234375,7077.39990234375,7103.7998046875,7103.7998046875,553382600,9.69970703125
2018-11-06,7103.7998046875,7117.5,7027.5,7040.7001953125,7040.7001953125,646543100,-63.099609375
2018-11-07,7040.7001953125,7136.7998046875,7040.7001953125,7117.2998046875,7117.2998046875,678581300,76.599609375
2018-11-08,7117.2998046875,7171.7001953125,7115.0,7140.7001953125,7140.7001953125,676867200,23.400390625
2018-11-09,7140.7001953125,7140.7001953125,7070.7998046875,7105.2998046875,7105.2998046875,652724100,-35.400390625
2018-11-12,7105.2998046875,7186.2998046875,7053.10009765625,7053.10009765625,7053.10009765625,708713400,-52.19970703125
2018-11-13,7053.10009765625,7104.0,7016.60009765625,7053.7998046875,7053.7998046875,1048825300,0.69970703125
2018-11-14,7053.7998046875,7113.60009765625,6979.7001953125,7033.7998046875,7033.7998046875,925587100,-20.0
2018-11-15,7033.7998046875,7081.89990234375,6979.60009765625,7038.0,7038.0,1257540400,4.2001953125
2018-11-16,7038.0,7092.39990234375,6969.0,7013.89990234375,7013.89990234375,1010040200,-24.10009765625
2018-11-19,7013.89990234375,7070.5,6997.7998046875,7000.89990234375,7000.89990234375,776442400,-13.0
2018-11-20,7000.89990234375,7010.10009765625,6904.2001953125,6947.89990234375,6947.89990234375,826183700,-53.0
2018-11-21,6947.89990234375,7058.60009765625,6947.89990234375,7050.2001953125,7050.2001953125,841306700,102.30029296875
2018-11-22,7050.2001953125,7050.39990234375,6945.0,6960.2998046875,6960.2998046875,763217400,-89.900390625
2018-11-23,6960.2998046875,6987.5,6912.2998046875,6952.89990234375,6952.89990234375,686823000,-7.39990234375
2018-11-26,6952.89990234375,7051.0,6952.89990234375,7036.0,7036.0,802145500,83.10009765625
2018-11-27,7036.0,7043.7001953125,6984.0,7016.89990234375,7016.89990234375,829960500,-19.10009765625
2018-11-28,7016.89990234375,7057.0,6987.2998046875,7004.5,7004.5,800840600,-12.39990234375
2018-11-29,7004.5,7078.39990234375,7004.5,7039.0,7039.0,777115000,34.5
2018-11-30,7039.0,7042.10009765625,6965.60009765625,6980.2001953125,6980.2001953125,1189062500,-58.7998046875
2018-12-03,6980.2001953125,7145.5,6980.2001953125,7062.39990234375,7062.39990234375,864783000,82.19970703125
2018-12-04,7062.39990234375,7095.0,7002.7001953125,7022.7998046875,7022.7998046875,822570700,-39.60009765625
2018-12-05,7022.7998046875,7028.7001953125,6921.7998046875,6921.7998046875,6921.7998046875,789059300,-101.0
2018-12-06,6921.7998046875,6921.7998046875,6673.60009765625,6704.10009765625,6704.10009765625,1029779500,-217.69970703125
2018-12-07,6704.10009765625,6868.2998046875,6704.10009765625,6778.10009765625,6778.10009765625,819982500,74.0
2018-12-10,6778.10009765625,6815.7998046875,6719.2001953125,6721.5,6721.5,864359000,-56.60009765625
2018-12-11,6721.5,6857.60009765625,6721.5,6806.89990234375,6806.89990234375,841263500,85.39990234375
2018-12-12,6806.89990234375,6902.2001953125,6806.89990234375,6880.2001953125,6880.2001953125,1063865300,73.30029296875
2018-12-13,6880.2001953125,6908.5,6849.0,6877.5,6877.5,735372600,-2.7001953125
2018-12-14,6877.5,6877.5,6788.7001953125,6845.2001953125,6845.2001953125,714141000,-32.2998046875
2018-12-17,6845.2001953125,6845.2001953125,6761.39990234375,6773.2001953125,6773.2001953125,734851100,-72.0
2018-12-18,6773.2001953125,6773.2001953125,6701.60009765625,6701.60009765625,6701.60009765625,855040800,-71.60009765625
2018-12-19,6701.60009765625,6785.2001953125,6698.2001953125,6765.89990234375,6765.89990234375,754065600,64.2998046875
2018-12-20,6765.89990234375,6765.89990234375,6646.5,6711.89990234375,6711.89990234375,903273100,-54.0
2018-12-21,6711.89990234375,6733.0,6653.7001953125,6721.2001953125,6721.2001953125,1596669300,9.30029296875
2018-12-24,6721.2001953125,6721.2001953125,6661.0,6686.0,6686.0,192808000,-35.2001953125
2018-12-27,6686.0,6728.5,6536.5,6584.7001953125,6584.7001953125,590127000,-101.2998046875
2018-12-28,6584.7001953125,6742.5,6584.7001953125,6734.0,6734.0,499812000,149.2998046875
2018-12-31,6734.0,6752.5,6718.2998046875,6728.10009765625,6728.10009765625,225303900,-5.89990234375
2019-01-02,6728.10009765625,6753.2998046875,6599.5,6734.2001953125,6734.2001953125,614252000,6.10009765625
2019-01-03,6734.2001953125,6753.10009765625,6685.10009765625,6692.7001953125,6692.7001953125,674099100,-41.5
2019-01-04,6692.7001953125,6850.39990234375,6692.5,6837.39990234375,6837.39990234375,639136700,144.69970703125
2019-01-07,6837.39990234375,6874.10009765625,6778.0,6810.89990234375,6810.89990234375,736559900,-26.5
2019-01-08,6810.89990234375,6901.5,6804.89990234375,6861.60009765625,6861.60009765625,651977000,50.7001953125
2019-01-09,6861.60009765625,6938.2998046875,6861.60009765625,6906.60009765625,6906.60009765625,860684900,45.0
2019-01-10,6906.60009765625,6948.2001953125,6860.7998046875,6942.89990234375,6942.89990234375,611434300,36.2998046875
2019-01-11,6942.89990234375,7001.89990234375,6902.7001953125,6918.2001953125,6918.2001953125,680478600,-24.69970703125
2019-01-14,6918.2001953125,6918.2001953125,6841.7001953125,6855.0,6855.0,683449700,-63.2001953125
2019-01-15,6855.0,6910.5,6849.60009765625,6895.0,6895.0,687341200,40.0
2019-01-16,6895.0,6912.39990234375,6848.60009765625,6862.7001953125,6862.7001953125,787626400,-32.2998046875
2019-01-17,6862.7001953125,6862.7001953125,6799.0,6834.89990234375,6834.89990234375,582654200,-27.80029296875
2019-01-18,6834.89990234375,6984.39990234375,6834.89990234375,6968.2998046875,6968.2998046875,795742900,133.39990234375
2019-01-21,6968.2998046875,6987.89990234375,6954.5,6970.60009765625,6970.60009765625,474827100,2.30029296875
2019-01-22,6970.60009765625,6970.60009765625,6880.7001953125,6901.39990234375,6901.39990234375,565967800,-69.2001953125
2019-01-23,6901.39990234375,6901.60009765625,6834.2998046875,6842.89990234375,6842.89990234375,646039700,-58.5
2019-01-24,6842.89990234375,6854.60009765625,6802.0,6819.0,6819.0,599978600,-23.89990234375
2019-01-25,6819.0,6858.2001953125,6806.7998046875,6809.2001953125,6809.2001953125,727497200,-9.7998046875
2019-01-28,6809.2001953125,6812.5,6734.0,6747.10009765625,6747.10009765625,648213700,-62.10009765625
2019-01-29,6747.10009765625,6860.2998046875,6747.10009765625,6833.89990234375,6833.89990234375,697035900,86.7998046875
2019-01-30,6833.89990234375,6967.7001953125,6833.89990234375,6941.60009765625,6941.60009765625,748772100,107.7001953125
2019-01-31,6941.60009765625,6994.89990234375,6941.10009765625,6968.89990234375,6968.89990234375,866316300,27.2998046875
2019-02-01,6968.89990234375,7024.5,6968.89990234375,7020.2001953125,7020.2001953125,630712300,51.30029296875
2019-02-04,7020.2001953125,7046.60009765625,7002.39990234375,7034.10009765625,7034.10009765625,611990600,13.89990234375
2019-02-05,7034.10009765625,7180.7001953125,7033.60009765625,7177.39990234375,7177.39990234375,662979300,143.2998046875
2019-02-06,7177.39990234375,7184.2001953125,7146.7001953125,7173.10009765625,7173.10009765625,599487700,-4.2998046875
2019-02-07,7173.10009765625,7187.5,7093.60009765625,7093.60009765625,7093.60009765625,649638500,-79.5
2019-02-08,7093.60009765625,7115.7998046875,7064.89990234375,7071.2001953125,7071.2001953125,532300500,-22.39990234375
2019-02-11,7071.2001953125,7149.2001953125,7071.2001953125,7129.10009765625,7129.10009765625,548318300,57.89990234375
2019-02-12,7129.10009765625,7168.60009765625,7121.7001953125,7133.10009765625,7133.10009765625,526735100,4.0
2019-02-13,7133.10009765625,7205.10009765625,7133.10009765625,7190.7998046875,7190.7998046875,561646800,57.69970703125
2019-02-14,7190.7998046875,7232.7998046875,7183.0,7197.0,7197.0,519107200,6.2001953125
2019-02-15,7197.0,7261.60009765625,7185.2001953125,7236.7001953125,7236.7001953125,688422300,39.7001953125
2019-02-18,7236.7001953125,7242.10009765625,7209.7001953125,7219.5,7219.5,440062500,-17.2001953125
2019-02-19,7219.5,7219.5,7162.7998046875,7179.2001953125,7179.2001953125,624124300,-40.2998046875
2019-02-20,7179.2001953125,7234.2001953125,7178.0,7228.60009765625,7228.60009765625,861254900,49.39990234375
2019-02-21,7228.60009765625,7228.7998046875,7141.89990234375,7167.39990234375,7167.39990234375,798796000,-61.2001953125
2019-02-22,7167.39990234375,7220.5,7162.39990234375,7178.60009765625,7178.60009765625,646718000,11.2001953125
2019-02-25,7178.60009765625,7210.7001953125,7158.2001953125,7183.7001953125,7183.7001953125,644937500,5.10009765625
2019-02-26,7183.7001953125,7183.7998046875,7091.60009765625,7151.10009765625,7151.10009765625,865719700,-32.60009765625
2019-02-27,7151.10009765625,7151.10009765625,7082.60009765625,7107.2001953125,7107.2001953125,870721000,-43.89990234375
2019-02-28,7107.2001953125,7107.2001953125,7041.0,7074.7001953125,7074.7001953125,979616900,-32.5
2019-03-01,7074.7001953125,7129.7001953125,7074.7001953125,7106.7001953125,7106.7001953125,700825200,32.0
2019-03-04,7106.7001953125,7166.2001953125,7106.7001953125,7134.39990234375,7134.39990234375,634698800,27.69970703125
2019-03-05,7134.39990234375,7191.7001953125,7127.2001953125,7183.39990234375,7183.39990234375,795291200,49.0
2019-03-06,7183.39990234375,7211.7998046875,7170.2998046875,7196.0,7196.0,791979200,12.60009765625
2019-03-07,7196.0,7196.0,7126.60009765625,7157.60009765625,7157.60009765625,691317400,-38.39990234375
2019-03-08,7157.60009765625,7157.60009765625,7077.89990234375,7104.2998046875,7104.2998046875,622101900,-53.30029296875
2019-03-11,7104.2998046875,7181.60009765625,7104.2998046875,7130.60009765625,7130.60009765625,674285200,26.30029296875
2019-03-12,7130.60009765625,7166.60009765625,7083.2001953125,7151.2001953125,7151.2001953125,752033900,20.60009765625
2019-03-13,7151.2001953125,7181.89990234375,7128.7001953125,7159.2001953125,7159.2001953125,744627600,8.0
2019-03-14,7159.2001953125,7215.5,7148.10009765625,7185.39990234375,7185.39990234375,791259700,26.19970703125
2019-03-15,7185.39990234375,7243.7998046875,7185.39990234375,7228.2998046875,7228.2998046875,1335709200,42.89990234375
2019-03-18,7228.2998046875,7299.2001953125,7228.2001953125,7299.2001953125,7299.2001953125,642988100,70.900390625
2019-03-19,7299.2001953125,7350.10009765625,7294.5,7324.0,7324.0,598904100,24.7998046875
2019-03-20,7324.0,7341.60009765625,7291.0,7291.0,7291.0,748851100,-33.0
2019-03-21,7291.0,7370.60009765625,7290.60009765625,7355.2998046875,7355.2998046875,709429100,64.2998046875
2019-03-22,7355.2998046875,7356.39990234375,7192.7998046875,7207.60009765625,7207.60009765625,694767600,-147.69970703125
2019-03-25,7207.60009765625,7208.10009765625,7146.7998046875,7177.60009765625,7177.60009765625,586169600,-30.0
2019-03-26,7177.60009765625,7221.0,7169.39990234375,7196.2998046875,7196.2998046875,629605500,18.69970703125
2019-03-27,7196.2998046875,7222.60009765625,7160.10009765625,7194.2001953125,7194.2001953125,678742500,-2.099609375
2019-03-28,7194.2001953125,7265.5,7190.89990234375,7234.2998046875,7234.2998046875,568044400,40.099609375
2019-03-29,7234.2998046875,7287.7001953125,7223.2998046875,7279.2001953125,7279.2001953125,794400900,44.900390625
2019-04-01,7279.2001953125,7352.2001953125,7279.2001953125,7317.39990234375,7317.39990234375,697005200,38.19970703125
2019-04-02,7317.39990234375,7403.60009765625,7316.7998046875,7391.10009765625,7391.10009765625,720842000,73.7001953125
2019-04-03,7391.10009765625,7418.2998046875,7380.89990234375,7418.2998046875,7418.2998046875,880770400,27.19970703125
2019-04-04,7418.2998046875,7418.39990234375,7367.39990234375,7401.89990234375,7401.89990234375,675670900,-16.39990234375
2019-04-05,7401.89990234375,7461.39990234375,7400.7998046875,7446.89990234375,7446.89990234375,679960600,45.0
2019-04-08,7446.89990234375,7459.89990234375,7420.39990234375,7451.89990234375,7451.89990234375,571379100,5.0
2019-04-09,7451.89990234375,7477.60009765625,7413.2998046875,7425.60009765625,7425.60009765625,652297100,-26.2998046875
2019-04-10,7425.60009765625,7441.39990234375,7409.39990234375,7421.89990234375,7421.89990234375,569746800,-3.7001953125
2019-04-11,7421.89990234375,7441.89990234375,7383.5,7418.0,7418.0,629602900,-3.89990234375
2019-04-12,7418.0,7454.7998046875,7415.0,7437.10009765625,7437.10009765625,696895600,19.10009765625
2019-04-15,7437.10009765625,7447.10009765625,7420.2998046875,7436.89990234375,7436.89990234375,511603500,-0.2001953125
2019-04-16,7436.89990234375,7485.89990234375,7436.89990234375,7469.89990234375,7469.89990234375,623807300,33.0
2019-04-17,7469.89990234375,7479.0,7445.10009765625,7471.2998046875,7471.2998046875,646326400,1.39990234375
2019-04-18,7471.2998046875,7475.89990234375,7437.89990234375,7459.89990234375,7459.89990234375,520513300,-11.39990234375
2019-04-23,7459.89990234375,7528.89990234375,7459.89990234375,7523.10009765625,7523.10009765625,772087000,63.2001953125
2019-04-24,7523.10009765625,7523.7998046875,7456.7001953125,7471.7998046875,7471.7998046875,682647400,-51.30029296875
2019-04-25,7471.7998046875,7473.2998046875,7406.0,7434.10009765625,7434.10009765625,674377600,-37.69970703125
2019-04-26,7434.10009765625,7442.2001953125,7398.60009765625,7428.2001953125,7428.2001953125,839779200,-5.89990234375
2019-04-29,7428.2001953125,7456.5,7406.5,7440.7001953125,7440.7001953125,491223900,12.5
2019-04-30,7440.7001953125,7451.2998046875,7394.10009765625,7418.2001953125,7418.2001953125,751088200,-22.5
2019-05-01,7418.2001953125,7446.5,7379.7001953125,7385.2998046875,7385.2998046875,336726900,-32.900390625
2019-05-02,7385.2998046875,7393.89990234375,7339.5,7351.2998046875,7351.2998046875,618376400,-34.0
2019-05-03,7351.2998046875,7418.2001953125,7350.0,7380.60009765625,7380.60009765625,462290200,29.30029296875
2019-05-07,7380.60009765625,7380.60009765625,7251.0,7260.5,7260.5,880585900,-120.10009765625
2019-05-08,7260.5,7278.2998046875,7222.89990234375,7271.0,7271.0,809211600,10.5
2019-05-09,7271.0,7271.0,7192.2001953125,7207.39990234375,7207.39990234375,854458400,-63.60009765625
2019-05-10,7207.39990234375,7268.2001953125,7189.89990234375,7203.2998046875,7203.2998046875,618170400,-4.10009765625
2019-05-13,7203.2998046875,7217.10009765625,7150.89990234375,7163.7001953125,7163.7001953125,773553600,-39.599609375
2019-05-14,7163.7001953125,7241.60009765625,7163.7001953125,7241.60009765625,7241.60009765625,721546200,77.89990234375
2019-05-15,7241.60009765625,7303.7001953125,7223.10009765625,7297.0,7297.0,811266000,55.39990234375
2019-05-16,7297.0,7353.5,7265.7998046875,7353.5,7353.5,655973100,56.5
2019-05-17,7353.5,7354.2001953125,7307.2998046875,7348.60009765625,7348.60009765625,741020200,-4.89990234375
2019-05-20,7348.60009765625,7360.2998046875,7268.60009765625,7310.89990234375,7310.89990234375,732464200,-37.7001953125
2019-05-21,7310.89990234375,7370.0,7310.89990234375,7328.89990234375,7328.89990234375,749358400,18.0
2019-05-22,7328.89990234375,7373.2998046875,7313.60009765625,7334.2001953125,7334.2001953125,800943900,5.30029296875
2019-05-23,7334.2001953125,7334.2001953125,7211.2998046875,7231.0,7231.0,795078400,-103.2001953125
2019-05-24,7231.0,7303.0,7231.0,7277.7001953125,7277.7001953125,633553800,46.7001953125
2019-05-28,7277.7001953125,7314.89990234375,7262.7998046875,7269.0,7269.0,1155168300,-8.7001953125
2019-05-29,7269.0,7269.0,7151.39990234375,7185.2998046875,7185.2998046875,652877900,-83.7001953125
2019-05-30,7185.2998046875,7236.7001953125,7180.60009765625,7218.2001953125,7218.2001953125,638457200,32.900390625
2019-05-31,7218.2001953125,7218.2001953125,7130.89990234375,7161.7001953125,7161.7001953125,853980400,-56.5
2019-06-03,7161.7001953125,7186.7001953125,7079.7001953125,7184.7998046875,7184.7998046875,711561100,23.099609375
2019-06-04,7184.7998046875,7224.0,7138.10009765625,7214.2998046875,7214.2998046875,829550400,29.5
2019-06-05,7216.7001953125,7259.2001953125,7201.39990234375,7220.2001953125,7220.2001953125,744999500,3.5
2019-06-06,7220.2001953125,7275.7001953125,7218.7001953125,7259.89990234375,7259.89990234375,621265600,39.69970703125
2019-06-07,7259.89990234375,7347.39990234375,7258.2001953125,7331.89990234375,7331.89990234375,592558500,72.0
2019-06-10,7331.89990234375,7380.10009765625,7331.89990234375,7375.5,7375.5,447077300,43.60009765625
2019-06-11,7375.5,7420.7001953125,7375.5,7398.5,7398.5,669773500,23.0
2019-06-12,7398.5,7398.5,7329.2998046875,7367.60009765625,7367.60009765625,800128100,-30.89990234375
2019-06-13,7367.60009765625,7398.60009765625,7351.0,7368.60009765625,7368.60009765625,608751100,1.0
2019-06-14,7368.60009765625,7368.7998046875,7316.39990234375,7345.7998046875,7345.7998046875,610719800,-22.80029296875
2019-06-17,7345.7998046875,7370.7001953125,7324.5,7357.2998046875,7357.2998046875,531721100,11.5
2019-06-18,7357.2998046875,7469.2001953125,7345.60009765625,7443.0,7443.0,798973400,85.7001953125
2019-06-19,7443.0,7454.89990234375,7399.2001953125,7403.5,7403.5,751391800,-39.5
2019-06-20,7403.5,7460.7998046875,7403.5,7424.39990234375,7424.39990234375,698596800,20.89990234375
2019-06-21,7424.39990234375,7456.7998046875,7382.89990234375,7407.5,7407.5,1451918700,-16.89990234375
2019-06-24,7407.5,7435.5,7399.60009765625,7416.7001953125,7416.7001953125,627473100,9.2001953125
2019-06-25,7416.7001953125,7429.7001953125,7373.2001953125,7422.39990234375,7422.39990234375,607355800,5.69970703125
2019-06-26,7422.39990234375,7435.89990234375,7405.5,7416.39990234375,7416.39990234375,654431900,-6.0
2019-06-27,7416.39990234375,7439.39990234375,7375.5,7402.2998046875,7402.2998046875,645884500,-14.10009765625
2019-06-28,7402.2998046875,7436.2001953125,7398.89990234375,7425.60009765625,7425.60009765625,708530400,23.30029296875
2019-07-01,7425.60009765625,7530.2001953125,7425.60009765625,7497.5,7497.5,634652500,71.89990234375
2019-07-02,7497.5,7565.2998046875,7497.5,7559.2001953125,7559.2001953125,556375200,61.7001953125
2019-07-03,7559.2001953125,7621.0,7558.5,7609.2998046875,7609.2998046875,682521500,50.099609375
2019-07-04,7609.2998046875,7622.60009765625,7601.2998046875,7603.60009765625,7603.60009765625,487717900,-5.69970703125
2019-07-05,7603.60009765625,7603.60009765625,7541.89990234375,7553.10009765625,7553.10009765625,550648200,-50.5
2019-07-08,7553.10009765625,7571.2998046875,7538.7001953125,7549.2998046875,7549.2998046875,538297100,-3.80029296875
2019-07-09,7549.2998046875,7553.2998046875,7517.89990234375,7536.5,7536.5,542926500,-12.7998046875
2019-07-10,7536.5,7559.10009765625,7515.60009765625,7530.7001953125,7530.7001953125,542296300,-5.7998046875
2019-07-11,7530.7001953125,7558.2998046875,7501.7001953125,7509.7998046875,7509.7998046875,593132000,-20.900390625
2019-07-12,7509.7998046875,7537.10009765625,7493.7998046875,7506.0,7506.0,501138900,-3.7998046875
2019-07-15,7506.0,7548.2998046875,7487.39990234375,7531.7001953125,7531.7001953125,482521800,25.7001953125
2019-07-16,7531.7001953125,7590.10009765625,7524.5,7577.2001953125,7577.2001953125,607182100,45.5
2019-07-17,7577.2001953125,7577.2001953125,7519.2001953125,7535.5,7535.5,576654300,-41.7001953125
2019-07-18,7535.5,7535.5,7482.60009765625,7493.10009765625,7493.10009765625,504046800,-42.39990234375
2019-07-19,7493.10009765625,7546.7001953125,7475.5,7508.7001953125,7508.7001953125,575615700,15.60009765625
2019-07-22,7508.7001953125,7549.7001953125,7491.7998046875,7514.89990234375,7514.89990234375,513122700,6.19970703125
2019-07-23,7514.89990234375,7598.60009765625,7514.89990234375,7556.89990234375,7556.89990234375,634924300,42.0
2019-07-24,7556.89990234375,7558.0,7479.10009765625,7501.5,7501.5,637416200,-55.39990234375
2019-07-25,7501.5,7542.60009765625,7462.7001953125,7489.10009765625,7489.10009765625,633546500,-12.39990234375
2019-07-26,7489.10009765625,7553.60009765625,7486.7001953125,7549.10009765625,7549.10009765625,775744000,60.0
2019-07-29,7549.10009765625,7711.2998046875,7548.89990234375,7686.60009765625,7686.60009765625,759258200,137.5
2019-07-30,7686.60009765625,7727.5,7643.7001953125,7646.7998046875,7646.7998046875,822322600,-39.80029296875
2019-07-31,7646.7998046875,7648.2001953125,7576.10009765625,7586.7998046875,7586.7998046875,1092686800,-60.0
2019-08-01,7586.7998046875,7610.0,7535.89990234375,7584.89990234375,7584.89990234375,817813900,-1.89990234375
2019-08-02,7584.89990234375,7585.2001953125,7397.89990234375,7407.10009765625,7407.10009765625,1031592200,-177.7998046875
2019-08-05,7407.10009765625,7407.10009765625,7200.5,7223.89990234375,7223.89990234375,1243484900,-183.2001953125
2019-08-06,7223.89990234375,7241.60009765625,7167.0,7171.7001953125,7171.7001953125,791750700,-52.19970703125
2019-08-07,7171.7001953125,7237.89990234375,7153.89990234375,7198.7001953125,7198.7001953125,735519300,27.0
2019-08-08,7198.7001953125,7285.89990234375,7191.2998046875,7285.89990234375,7285.89990234375,726060600,87.19970703125
2019-08-09,7285.89990234375,7297.2998046875,7237.10009765625,7253.89990234375,7253.89990234375,794807200,-32.0
2019-08-12,7253.89990234375,7305.60009765625,7207.5,7226.7001953125,7226.7001953125,585461200,-27.19970703125
2019-08-13,7226.7001953125,7281.10009765625,7166.89990234375,7250.89990234375,7250.89990234375,698409600,24.19970703125
2019-08-14,7250.89990234375,7268.7001953125,7112.10009765625,7147.89990234375,7147.89990234375,811517700,-103.0
2019-08-15,7147.89990234375,7148.7998046875,7020.2001953125,7067.0,7067.0,877816600,-80.89990234375
2019-08-16,7067.0,7125.89990234375,7067.0,7117.2001953125,7117.2001953125,651943200,50.2001953125
2019-08-19,7117.2001953125,7214.2001953125,7117.2001953125,7189.7001953125,7189.7001953125,612867100,72.5
2019-08-20,7189.7001953125,7231.7001953125,7121.2001953125,7125.0,7125.0,766076800,-64.7001953125
2019-08-21,7125.0,7215.5,7122.10009765625,7204.0,7204.0,605372900,79.0
2019-08-22,7204.0,7204.0,7103.7001953125,7128.2001953125,7128.2001953125,653343400,-75.7998046875
2019-08-23,7128.2001953125,7188.60009765625,7095.0,7095.0,7095.0,643009300,-33.2001953125
2019-08-27,7095.0,7110.7998046875,7044.7001953125,7089.60009765625,7089.60009765625,851399100,-5.39990234375
2019-08-28,7089.60009765625,7131.2001953125,7050.0,7114.7001953125,7114.7001953125,675638900,25.10009765625
2019-08-29,7114.7001953125,7199.2001953125,7103.10009765625,7184.2998046875,7184.2998046875,635681800,69.599609375
2019-08-30,7184.2998046875,7240.39990234375,7179.7001953125,7207.2001953125,7207.2001953125,727868800,22.900390625
2019-09-02,7207.2001953125,7315.2998046875,7206.89990234375,7281.89990234375,7281.89990234375,497764900,74.69970703125
2019-09-03,7281.89990234375,7301.5,7239.10009765625,7268.2001953125,7268.2001953125,626095300,-13.69970703125
2019-09-04,7268.2001953125,7334.60009765625,7268.2001953125,7311.2998046875,7311.2998046875,677444300,43.099609375
2019-09-05,7311.2998046875,7330.7001953125,7250.60009765625,7271.2001953125,7271.2001953125,711302800,-40.099609375
2019-09-06,7271.2001953125,7284.10009765625,7244.10009765625,7282.2998046875,7282.2998046875,692287900,11.099609375
2019-09-09,7282.2998046875,7325.2001953125,7206.0,7235.7998046875,7235.7998046875,794831900,-46.5
2019-09-10,7235.7998046875,7270.5,7199.39990234375,7268.0,7268.0,1031549500,32.2001953125
2019-09-11,7268.0,7346.7001953125,7268.0,7338.0,7338.0,829121400,70.0
2019-09-12,7338.0,7369.2998046875,7303.2001953125,7344.7001953125,7344.7001953125,725259800,6.7001953125
2019-09-13,7344.7001953125,7380.2998046875,7318.2001953125,7367.5,7367.5,1003827600,22.7998046875
2019-09-16,7367.5,7378.2998046875,7321.39990234375,7321.39990234375,7321.39990234375,908260500,-46.10009765625
2019-09-17,7321.39990234375,7350.2001953125,7292.2001953125,7320.39990234375,7320.39990234375,698421800,-1.0
2019-09-18,7320.39990234375,7350.5,7300.39990234375,7314.10009765625,7314.10009765625,642716000,-6.2998046875
2019-09-19,7314.10009765625,7373.10009765625,7290.7001953125,7356.39990234375,7356.39990234375,632737400,42.2998046875
2019-09-20,7356.39990234375,7376.2998046875,7322.0,7344.89990234375,7344.89990234375,1656288000,-11.5
2019-09-23,7344.89990234375,7362.2998046875,7284.7998046875,7326.10009765625,7326.10009765625,489660300,-18.7998046875
2019-09-24,7326.10009765625,7349.0,7281.89990234375,7291.39990234375,7291.39990234375,588772200,-34.7001953125
2019-09-25,7291.39990234375,7292.0,7213.0,7290.0,7290.0,704553100,-1.39990234375
2019-09-26,7290.0,7387.10009765625,7277.2001953125,7351.10009765625,7351.10009765625,704707500,61.10009765625
2019-09-27,7351.10009765625,7440.7998046875,7351.0,7426.2001953125,7426.2001953125,584318800,75.10009765625
2019-09-30,7426.2001953125,7439.60009765625,7402.2001953125,7408.2001953125,7408.2001953125,655556100,-18.0
2019-10-01,7408.2001953125,7433.2001953125,7352.7998046875,7360.2998046875,7360.2998046875,734563400,-47.900390625
2019-10-02,7360.2998046875,7360.2998046875,7119.7001953125,7122.5,7122.5,747799600,-237.7998046875
2019-10-03,7122.5,7129.0,7004.39990234375,7077.60009765625,7077.60009765625,635551800,-44.89990234375
2019-10-04,7077.60009765625,7157.7998046875,7077.39990234375,7155.39990234375,7155.39990234375,588776100,77.7998046875
2019-10-07,7155.39990234375,7206.89990234375,7133.0,7197.89990234375,7197.89990234375,551391300,42.5
2019-10-08,7197.89990234375,7223.89990234375,7143.2001953125,7143.2001953125,7143.2001953125,692866200,-54.69970703125
2019-10-09,7143.2001953125,7196.39990234375,7139.89990234375,7166.5,7166.5,582025200,23.2998046875
2019-10-10,7166.5,7212.89990234375,7130.5,7186.39990234375,7186.39990234375,700021400,19.89990234375
2019-10-11,7186.39990234375,7250.10009765625,7144.7001953125,7247.10009765625,7247.10009765625,1507692000,60.7001953125
2019-10-14,7247.10009765625,7251.7998046875,7194.2001953125,7213.5,7213.5,780579200,-33.60009765625
2019-10-15,7213.5,7242.39990234375,7176.7001953125,7211.60009765625,7211.60009765625,1123687400,-1.89990234375
2019-10-16,7211.60009765625,7217.60009765625,7149.7998046875,7168.0,7168.0,1000484300,-43.60009765625
2019-10-17,7168.0,7237.7998046875,7162.0,7182.2998046875,7182.2998046875,1126096700,14.2998046875
2019-10-18,7182.2998046875,7197.10009765625,7146.10009765625,7150.60009765625,7150.60009765625,869346100,-31.69970703125
2019-10-21,7150.60009765625,7197.5,7139.39990234375,7163.60009765625,7163.60009765625,853632700,13.0
2019-10-22,7163.60009765625,7230.2001953125,7146.7001953125,7212.5,7212.5,800741400,48.89990234375
2019-10-23,7212.5,7265.89990234375,7194.10009765625,7260.7001953125,7260.7001953125,764933300,48.2001953125
2019-10-24,7260.7001953125,7338.89990234375,7255.5,7328.2998046875,7328.2998046875,733646100,67.599609375
2019-10-25,7328.2998046875,7331.2001953125,7279.7998046875,7324.5,7324.5,580305100,-3.7998046875
2019-10-28,7324.5,7346.89990234375,7291.60009765625,7331.2998046875,7331.2998046875,676041800,6.7998046875
2019-10-29,7331.2998046875,7335.7001953125,7264.7001953125,7306.2998046875,7306.2998046875,710020700,-25.0
2019-10-30,7306.2998046875,7334.0,7278.2001953125,7330.7998046875,7330.7998046875,672191900,24.5
2019-10-31,7330.7998046875,7335.2001953125,7245.2001953125,7248.39990234375,7248.39990234375,847657500,-82.39990234375
2019-11-01,7248.39990234375,7307.2001953125,7248.39990234375,7302.39990234375,7302.39990234375,582078600,54.0
2019-11-04,7302.39990234375,7392.7001953125,7302.39990234375,7369.7001953125,7369.7001953125,582661700,67.30029296875
2019-11-05,7369.7001953125,7402.7998046875,7369.60009765625,7388.10009765625,7388.10009765625,673186900,18.39990234375
2019-11-06,7388.10009765625,7398.7998046875,7363.60009765625,7396.7001953125,7396.7001953125,618514700,8.60009765625
2019-11-07,7396.7001953125,7431.89990234375,7396.0,7406.39990234375,7406.39990234375,668773400,9.69970703125
2019-11-08,7406.39990234375,7406.7998046875,7349.10009765625,7359.39990234375,7359.39990234375,551986100,-47.0
2019-11-11,7359.39990234375,7359.39990234375,7258.5,7328.5,7328.5,828425100,-30.89990234375
2019-11-12,7328.5,7390.0,7328.2001953125,7365.39990234375,7365.39990234375,754644000,36.89990234375
2019-11-13,7365.39990234375,7365.39990234375,7301.7001953125,7351.2001953125,7351.2001953125,695720800,-14.19970703125
2019-11-14,7351.2001953125,7351.2998046875,7292.7998046875,7292.7998046875,7292.7998046875,675226500,-58.400390625
2019-11-15,7292.7998046875,7335.60009765625,7243.2001953125,7302.89990234375,7302.89990234375,770473200,10.10009765625
2019-11-18,7302.89990234375,7335.39990234375,7293.39990234375,7307.7001953125,7307.7001953125,764459700,4.80029296875
2019-11-19,7307.7001953125,7404.5,7307.7001953125,7323.7998046875,7323.7998046875,605672300,16.099609375
2019-11-20,7323.7998046875,7323.7998046875,7219.10009765625,7262.5,7262.5,814232500,-61.2998046875
2019-11-21,7262.5,7262.5,7197.2998046875,7238.60009765625,7238.60009765625,608185000,-23.89990234375
2019-11-22,7238.60009765625,7343.2998046875,7238.5,7326.7998046875,7326.7998046875,611242800,88.19970703125
2019-11-25,7326.7998046875,7401.7998046875,7326.7998046875,7396.2998046875,7396.2998046875,570982800,69.5
2019-11-26,7396.2998046875,7421.2998046875,7385.0,7403.10009765625,7403.10009765625,1058651500,6.80029296875
2019-11-27,7403.10009765625,7446.0,7400.39990234375,7429.7998046875,7429.7998046875,626246700,26.69970703125
2019-11-28,7429.7998046875,7429.7998046875,7385.2998046875,7416.39990234375,7416.39990234375,605369500,-13.39990234375
2019-11-29,7416.39990234375,7421.39990234375,7346.5,7346.5,7346.5,627336500,-69.89990234375
2019-12-02,7346.5,7400.2998046875,7277.0,7285.89990234375,7285.89990234375,928558400,-60.60009765625
2019-12-03,7285.89990234375,7285.89990234375,7134.89990234375,7158.7998046875,7158.7998046875,824932200,-127.10009765625
2019-12-04,7158.7998046875,7190.0,7139.89990234375,7188.5,7188.5,688011100,29.7001953125
2019-12-05,7188.5,7194.7998046875,7131.2001953125,7137.89990234375,7137.89990234375,650618500,-50.60009765625
2019-12-06,7137.89990234375,7241.5,7137.89990234375,7239.7001953125,7239.7001953125,516373000,101.80029296875
2019-12-09,7239.7001953125,7255.7001953125,7217.7998046875,7233.89990234375,7233.89990234375,619399300,-5.80029296875
2019-12-10,7233.89990234375,7234.39990234375,7137.7998046875,7213.7998046875,7213.7998046875,703527300,-20.10009765625
2019-12-11,7213.7998046875,7250.7001953125,7195.5,7216.2998046875,7216.2998046875,820837400,2.5
2019-12-12,7216.2998046875,7307.39990234375,7216.10009765625,7273.5,7273.5,727087300,57.2001953125
2019-12-13,7273.5,7429.0,7223.39990234375,7353.39990234375,7353.39990234375,1906667700,79.89990234375
2019-12-16,7353.39990234375,7552.7001953125,7353.2001953125,7519.10009765625,7519.10009765625,1045291600,165.7001953125
2019-12-17,7519.10009765625,7537.7001953125,7497.2001953125,7525.2998046875,7525.2998046875,1096514900,6.19970703125
2019-12-18,7525.2998046875,7557.10009765625,7515.2001953125,7540.7998046875,7540.7998046875,679287600,15.5
2019-12-19,7540.7998046875,7575.89990234375,7526.10009765625,7573.7998046875,7573.7998046875,661933000,33.0
2019-12-20,7573.7998046875,7599.5,7564.60009765625,7582.5,7582.5,1159724000,8.7001953125
2019-12-23,7582.5,7628.2001953125,7559.60009765625,7623.60009765625,7623.60009765625,539145700,41.10009765625
2019-12-24,7623.60009765625,7636.2001953125,7608.2001953125,7632.2001953125,7632.2001953125,185671600,8.60009765625
2019-12-27,7632.2001953125,7665.39990234375,7622.5,7644.89990234375,7644.89990234375,311117100,12.69970703125
2019-12-30,7644.89990234375,7644.89990234375,7587.10009765625,7587.10009765625,7587.10009765625,304247900,-57.7998046875
2019-12-31,7587.10009765625,7587.39990234375,7532.39990234375,7542.39990234375,7542.39990234375,212142200,-44.7001953125
2020-01-02,7542.39990234375,7624.7998046875,7542.39990234375,7604.2998046875,7604.2998046875,482206700,61.89990234375
2020-01-03,7604.2998046875,7626.39990234375,7551.0,7622.39990234375,7622.39990234375,475628900,18.10009765625
2020-01-06,7622.39990234375,7622.39990234375,7528.10009765625,7575.2998046875,7575.2998046875,516783400,-47.10009765625
2020-01-07,7575.2998046875,7604.60009765625,7562.10009765625,7573.89990234375,7573.89990234375,511576100,-1.39990234375
2020-01-08,7573.89990234375,7579.5,7525.0,7574.89990234375,7574.89990234375,606225000,1.0
2020-01-09,7574.89990234375,7627.7998046875,7574.89990234375,7598.10009765625,7598.10009765625,653838100,23.2001953125
2020-01-10,7598.10009765625,7632.0,7585.10009765625,7587.89990234375,7587.89990234375,651315600,-10.2001953125
2020-01-13,7587.89990234375,7635.7998046875,7582.5,7617.60009765625,7617.60009765625,659019400,29.7001953125
2020-01-14,7617.60009765625,7650.7001953125,7588.7998046875,7622.39990234375,7622.39990234375,697648200,4.7998046875
2020-01-15,7622.39990234375,7642.7998046875,7609.39990234375,7642.7998046875,7642.7998046875,730575200,20.39990234375
2020-01-16,7642.7998046875,7653.60009765625,7595.2998046875,7609.7998046875,7609.7998046875,573564200,-33.0
2020-01-17,7609.7998046875,7689.7001953125,7609.7998046875,7674.60009765625,7674.60009765625,631970100,64.80029296875
2020-01-20,7674.60009765625,7682.7998046875,7639.60009765625,7651.39990234375,7651.39990234375,358980900,-23.2001953125
2020-01-21,7651.39990234375,7651.39990234375,7550.5,7610.7001953125,7610.7001953125,656519300,-40.69970703125
2020-01-22,7610.7001953125,7637.39990234375,7563.5,7571.89990234375,7571.89990234375,604636000,-38.80029296875
2020-01-23,7571.89990234375,7572.10009765625,7503.2001953125,7507.7001953125,7507.7001953125,668616300,-64.19970703125
2020-01-24,7507.7001953125,7642.2001953125,7507.60009765625,7586.0,7586.0,605760000,78.2998046875
2020-01-27,7586.0,7586.0,7392.7998046875,7412.10009765625,7412.10009765625,679457100,-173.89990234375
2020-01-28,7412.10009765625,7491.39990234375,7410.39990234375,7480.7001953125,7480.7001953125,535852000,68.60009765625
2020-01-29,7480.7001953125,7514.7001953125,7462.2001953125,7483.60009765625,7483.60009765625,525036700,2.89990234375
2020-01-30,7483.60009765625,7483.60009765625,7357.60009765625,7382.0,7382.0,685501900,-101.60009765625
2020-01-31,7382.0,7398.2998046875,7275.0,7286.0,7286.0,714049600,-96.0
2020-02-03,7286.0,7360.0,7285.2001953125,7326.2998046875,7326.2998046875,645846700,40.2998046875
2020-02-04,7326.2998046875,7442.10009765625,7326.2998046875,7439.7998046875,7439.7998046875,696703600,113.5
2020-02-05,7439.7998046875,7512.39990234375,7408.5,7482.5,7482.5,818911400,42.7001953125
2020-02-06,7482.5,7533.60009765625,7482.5,7504.7998046875,7504.7998046875,673947900,22.2998046875
2020-02-07,7504.7998046875,7506.2998046875,7441.10009765625,7466.7001953125,7466.7001953125,705974200,-38.099609375
2020-02-10,7466.7001953125,7466.7001953125,7427.89990234375,7446.89990234375,7446.89990234375,612817500,-19.80029296875
2020-02-11,7446.89990234375,7529.5,7446.89990234375,7499.39990234375,7499.39990234375,700689800,52.5
2020-02-12,7499.39990234375,7547.7001953125,7499.0,7534.39990234375,7534.39990234375,573044200,35.0
2020-02-13,7534.39990234375,7534.39990234375,7406.89990234375,7452.0,7452.0,823565400,-82.39990234375
2020-02-14,7452.0,7472.89990234375,7403.7001953125,7409.10009765625,7409.10009765625,629855000,-42.89990234375
2020-02-18,7433.2998046875,7433.2998046875,7353.39990234375,7382.0,7382.0,786827200,-51.2998046875
